time,numErr,TrackID,Trigger,X(m),Y(m),Vx(km/h),Vy(km/h),Lane,objType,L(m)
Fri Mar 15 17:48:25 2024,0,132,[Range],69.5,2.4,-45,-2.16,0,b4w,141
Fri Mar 15 17:49:00 2024,0,135,[Range],69.9,-3.2,-43.2,0,1,b4w,1
Fri Mar 15 17:49:40 2024,0,133,[Range],69.5,2.4,-46.08,-2.88,0,b4w,27
Fri Mar 15 17:49:40 2024,0,138,[Range],69.4,2.4,-47.52,0,0,b4w,3
Fri Mar 15 17:49:50 2024,0,137,[Range],69.8,-0.6,-21.24,-0.36,1,b4w,22
Fri Mar 15 17:50:02 2024,0,143,[Range],69.1,2.6,-61.2,-3.24,0,b4w,25
Fri Mar 15 17:52:26 2024,0,153,[Range],69.8,-3.1,-29.16,-1.08,1,b4w,16
Fri Mar 15 17:53:18 2024,0,162,[Range],69.8,3,-64.44,0,0,b4w,48
Fri Mar 15 17:53:19 2024,0,161,[Range],69.2,1.4,-65.88,0,0,b4w,3
Fri Mar 15 17:54:10 2024,0,176,[Range],69.400,-0.600,-43.200,-1.080,1,b4w,24.000
Fri Mar 15 17:54:11 2024,0,159,[Range],69.400,-1.300,-44.280,0.000,1,b4w,3.000
Fri Mar 15 18:33:02 2024,0,115,[Range],69.500,-1.100,-46.440,-2.160,1,b4w,17.000
Fri Mar 15 18:33:03 2024,0,113,[Range],69.600,-0.100,-46.080,-1.440,1,b4w,16.000
Fri Mar 15 18:33:24 2024,0,123,[Speed],56.800,-1.200,-83.160,0.000,1,b4w,4.000
Fri Mar 15 18:33:43 2024,0,97,[Range],69.300,-0.100,-69.480,-1.080,1,b4w,29.000
Fri Mar 15 18:33:48 2024,0,100,[Range],69.800,0.000,-69.480,0.000,1,b4w,25.000
Fri Mar 15 18:34:46 2024,0,122,[Range],69.400,-0.400,-51.840,-0.720,1,b4w,17.000
Fri Mar 15 18:35:26 2024,0,132,[Range],69.000,0.300,-78.120,0.000,1,b4w,3.000
Fri Mar 15 18:35:50 2024,0,126,[Range],69.300,3.100,-56.520,-0.360,0,b4w,25.000
Fri Mar 15 18:36:02 2024,0,136,[Range],69.500,-1.700,-46.080,0.000,1,b4w,22.000
Fri Mar 15 18:36:14 2024,0,135,[Range],69.800,3.000,-78.480,0.000,0,b4w,17.000
Fri Mar 15 18:36:22 2024,0,131,[Range],69.700,2.700,-52.920,-2.520,0,b4w,24.000
Fri Mar 15 18:36:31 2024,0,134,[Range],69.500,-2.800,-35.640,1.800,1,b4w,24.000
Fri Mar 15 18:36:57 2024,0,133,[Speed],51.400,-1.800,-81.720,0.000,1,b4w,1.000
Fri Mar 15 18:37:00 2024,0,137,[Speed],54.100,-1.300,-81.360,0.000,1,b4w,4.000
Fri Mar 15 18:37:01 2024,0,140,[Speed],47.000,-0.600,-83.160,0.000,1,b4w,5.000
Fri Mar 15 18:37:29 2024,0,145,[Range],69.600,0.000,-72.000,0.000,1,b4w,5.000
Fri Mar 15 18:37:53 2024,0,144,[Range],69.700,-1.400,-61.200,0.000,1,b4w,4.000
Fri Mar 15 18:38:10 2024,0,146,[Range],69.500,2.400,-40.320,-2.880,0,b4w,34.000
Fri Mar 15 18:39:23 2024,0,153,[Range],69.200,2.800,-76.320,-0.360,0,b4w,8.000
Fri Mar 15 18:39:39 2024,0,149,[Range],69.700,1.800,-40.680,-3.600,0,b4w,23.000
Fri Mar 15 18:40:04 2024,0,155,[Range],69.600,2.400,-45.360,-2.880,0,b4w,36.000
Fri Mar 15 18:42:13 2024,0,161,[Range],69.800,-0.200,-77.760,0.000,1,b4w,15.000
Fri Mar 15 18:42:48 2024,0,162,[Range],69.400,2.900,-61.920,-0.360,0,b4w,31.000
Fri Mar 15 18:43:10 2024,0,152,[Range],69.500,-0.600,-33.120,-2.160,1,b4w,22.000
Fri Mar 15 18:43:37 2024,0,174,[Range],69.400,2.400,-46.080,-2.520,0,b4w,26.000
Fri Mar 15 18:44:03 2024,0,176,[Range],69.500,-1.000,-34.200,-2.160,1,b4w,29.000
Fri Mar 15 18:44:03 2024,0,159,[Range],69.800,0.000,-34.200,0.000,1,b4w,10.000
Fri Mar 15 18:44:15 2024,0,163,[Speed],78.800,0.400,-82.800,0.000,1,b4w,7.000
Fri Mar 15 18:44:15 2024,0,163,[Range],69.600,0.100,-82.800,0.000,1,b4w,5.000
Fri Mar 15 18:44:29 2024,0,165,[Range],69.600,-0.400,-70.560,0.000,1,b4w,7.000
Fri Mar 15 18:44:57 2024,0,160,[Range],69.500,2.700,-74.880,-0.360,0,b4w,30.000
Fri Mar 15 18:45:23 2024,0,169,[Range],69.800,-1.400,-55.080,0.000,1,b4w,1.000
Fri Mar 15 18:45:45 2024,0,170,[Range],69.900,-4.600,-28.080,0.000,1,b4w,1.000
Fri Mar 15 18:46:16 2024,0,178,[Range],69.100,2.900,-73.800,-0.360,0,b4w,25.000
Fri Mar 15 18:46:18 2024,0,177,[Range],69.500,-1.000,-42.840,-1.440,1,b4w,24.000
Fri Mar 15 18:46:50 2024,0,166,[Range],69.500,-4.100,-34.200,0.000,1,b4w,1.000
Fri Mar 15 18:47:09 2024,0,180,[Range],69.400,-0.200,-47.880,-0.720,1,b4w,5.000
Fri Mar 15 18:47:13 2024,0,171,[Range],69.200,2.400,-69.120,-0.360,0,b4w,5.000
Fri Mar 15 18:47:30 2024,0,167,[Range],69.800,-3.500,-48.240,0.360,1,b4w,4.000
Fri Mar 15 18:48:03 2024,0,168,[Range],69.900,-0.300,-65.880,-0.360,1,b4w,10.000
Fri Mar 15 18:48:08 2024,0,179,[Range],69.700,2.100,-62.280,-0.720,0,b4w,34.000
Fri Mar 15 18:48:26 2024,0,164,[Range],69.100,0.000,-75.240,0.000,1,b4w,4.000
Fri Mar 15 18:48:37 2024,0,182,[Range],68.900,0.200,-76.680,0.000,1,b4w,4.000
Fri Mar 15 18:49:11 2024,0,175,[Range],69.500,2.500,-38.880,-2.520,0,b4w,32.000
Fri Mar 15 18:49:45 2024,0,184,[Range],69.900,2.200,-72.360,-2.520,0,b4w,63.000
Fri Mar 15 18:49:46 2024,0,187,[Range],69.300,1.800,-74.520,0.000,0,b4w,0.000
Fri Mar 15 18:49:58 2024,0,185,[Range],69.600,-0.300,-64.080,-2.160,1,b4w,49.000
Fri Mar 15 18:50:12 2024,0,192,[Range],69.600,0.000,-68.400,-1.080,1,b4w,79.000
Fri Mar 15 18:50:17 2024,0,183,[Range],69.700,-0.900,-42.840,0.000,1,b4w,5.000
Fri Mar 15 18:50:27 2024,0,191,[Range],69.600,-1.700,-55.440,0.000,1,b4w,2.000
Fri Mar 15 18:50:28 2024,0,181,[Range],69.700,2.900,-43.920,0.000,0,b4w,22.000
Fri Mar 15 18:50:29 2024,0,196,[Range],69.600,2.100,-43.920,0.000,0,b4w,31.000
Fri Mar 15 18:50:31 2024,0,198,[Range],69.800,-0.100,-73.800,0.000,1,b4w,6.000
Fri Mar 15 18:50:42 2024,0,193,[Range],69.800,3.000,-63.000,-0.360,0,b4w,6.000
Fri Mar 15 18:50:52 2024,0,194,[Range],69.800,0.000,-57.240,-1.800,1,b4w,22.000
Fri Mar 15 18:51:20 2024,0,195,[Range],69.900,-3.700,-33.480,0.000,1,b4w,0.000
Fri Mar 15 18:51:35 2024,0,188,[Range],69.900,-3.200,-46.800,0.000,1,b4w,1.000
Fri Mar 15 18:52:54 2024,0,199,[Range],69.600,-3.900,-30.240,-1.080,1,b4w,18.000
Fri Mar 15 18:53:05 2024,0,204,[Range],69.900,-4.500,-27.360,-0.360,1,b4w,32.000
Fri Mar 15 18:53:10 2024,0,210,[Range],69.800,3.000,-56.160,-1.080,0,b4w,16.000
Fri Mar 15 18:53:59 2024,0,209,[Range],69.800,2.400,-77.400,-0.360,0,b4w,49.000
Fri Mar 15 18:54:50 2024,0,205,[Range],69.600,2.500,-51.840,-2.160,0,b4w,25.000
Fri Mar 15 18:54:53 2024,0,213,[Range],69.600,-0.400,-62.280,0.000,1,b4w,5.000
Fri Mar 15 18:55:00 2024,0,206,[Range],69.800,-0.600,-35.640,-1.440,1,b4w,22.000
Fri Mar 15 18:55:41 2024,0,214,[Range],69.800,-0.400,-64.080,0.000,1,b4w,3.000
Fri Mar 15 18:55:49 2024,0,212,[Range],69.800,2.800,-45.720,-1.800,0,b4w,19.000
Fri Mar 15 18:55:50 2024,0,201,[Range],69.700,-0.400,-66.600,-0.360,1,b4w,4.000
Fri Mar 15 18:55:58 2024,0,219,[Range],69.700,-0.600,-46.080,-1.800,1,b4w,23.000
Fri Mar 15 18:56:08 2024,0,226,[Range],69.900,0.500,-75.240,0.000,0,b4w,25.000
Fri Mar 15 18:56:53 2024,0,221,[Range],69.400,0.800,-77.400,0.000,0,b4w,4.000
Fri Mar 15 18:56:55 2024,0,211,[Range],69.700,2.300,-42.480,-2.880,0,b4w,21.000
Fri Mar 15 18:57:02 2024,0,218,[Range],69.300,-0.400,-62.280,-0.360,1,b4w,4.000
Fri Mar 15 18:57:22 2024,0,223,[Range],69.600,-2.000,-36.720,0.000,1,b4w,3.000
Fri Mar 15 18:57:37 2024,0,243,[Range],69.400,-0.700,-45.000,-1.080,1,b4w,16.000
Fri Mar 15 18:57:47 2024,0,227,[Range],69.600,2.900,-56.520,-0.720,0,b4w,19.000
Fri Mar 15 18:57:55 2024,0,230,[Range],69.400,-0.600,-45.720,-2.160,1,b4w,39.000
Fri Mar 15 18:59:05 2024,0,229,[Range],69.700,-3.500,-32.400,0.000,1,b4w,2.000
Fri Mar 15 18:59:22 2024,0,233,[Range],69.900,2.500,-78.840,0.000,0,b4w,4.000
Fri Mar 15 18:59:39 2024,0,228,[Range],69.400,-0.200,-53.640,-1.080,1,b4w,25.000
Fri Mar 15 18:59:52 2024,0,238,[Range],70.200,3.400,29.160,1.080,0,b4w,0.000
Fri Mar 15 18:59:54 2024,0,234,[Range],69.400,-0.500,-38.880,-1.440,1,b4w,23.000
Fri Mar 15 18:59:54 2024,0,235,[Range],69.800,-0.100,-39.240,0.000,1,b4w,1.000
Fri Mar 15 19:00:04 2024,0,244,[Range],69.300,-0.100,-54.360,-2.160,1,b4w,36.000
Fri Mar 15 19:00:04 2024,0,241,[Range],69.900,3.100,-75.600,-0.360,0,b4w,6.000
Fri Mar 15 19:00:10 2024,0,231,[Range],69.600,-2.800,-36.360,0.000,1,b4w,0.000
Fri Mar 15 19:00:13 2024,0,250,[Range],69.800,0.800,-50.040,-1.800,0,b4w,36.000
Fri Mar 15 19:00:14 2024,0,240,[Range],69.300,0.200,-51.480,0.000,1,b4w,2.000
Fri Mar 15 19:00:22 2024,0,252,[Range],69.200,-1.100,-60.840,0.000,1,b4w,1.000
Fri Mar 15 19:00:30 2024,0,249,[Range],69.900,2.600,-70.560,0.000,0,b4w,6.000
Fri Mar 15 19:00:36 2024,0,237,[Range],69.800,-0.500,-39.960,-1.800,1,b4w,24.000
Fri Mar 15 19:00:41 2024,0,242,[Range],69.800,2.600,-53.640,-1.080,0,b4w,4.000
Fri Mar 15 19:00:51 2024,0,247,[Speed],78.800,-0.400,-82.800,0.000,1,b4w,4.000
Fri Mar 15 19:00:52 2024,0,247,[Range],69.400,-0.400,-82.800,0.000,1,b4w,7.000
Fri Mar 15 19:01:01 2024,0,232,[Range],69.500,-0.100,-74.520,0.000,1,b4w,8.000
Fri Mar 15 19:01:39 2024,0,1,[Range],69.900,0.200,-67.680,-0.720,1,b4w,15.000
Fri Mar 15 19:01:46 2024,0,245,[Range],69.200,-0.100,-56.520,-0.720,1,b4w,21.000
Fri Mar 15 19:01:54 2024,0,246,[Range],69.900,2.900,-45.360,0.000,0,b4w,24.000
Fri Mar 15 19:01:54 2024,0,248,[Range],69.900,2.100,-46.080,-0.360,0,b4w,26.000
Fri Mar 15 19:01:55 2024,0,4,[Range],69.600,-2.700,-34.560,0.000,1,b4w,28.000
Fri Mar 15 19:01:56 2024,0,2,[Range],69.500,0.800,-57.960,-2.160,0,b4w,21.000
Fri Mar 15 19:01:57 2024,0,3,[Range],69.700,0.000,-59.400,0.000,1,b4w,2.000
Fri Mar 15 19:01:57 2024,0,10,[Range],69.300,0.700,-70.200,0.000,0,b4w,2.000
Fri Mar 15 19:01:59 2024,0,7,[Range],69.500,-4.000,-38.880,0.000,1,b4w,1.000
Fri Mar 15 19:02:05 2024,0,6,[Range],69.900,-0.600,-55.080,0.000,1,b4w,5.000
Fri Mar 15 19:02:20 2024,0,0,[Range],69.600,1.700,-56.520,-3.240,0,b4w,28.000
Fri Mar 15 19:02:21 2024,0,17,[Range],69.300,0.800,-57.600,0.000,0,b4w,1.000
Fri Mar 15 19:02:26 2024,0,5,[Range],69.500,-0.900,-42.120,-1.440,1,b4w,23.000
Fri Mar 15 19:02:30 2024,0,11,[Range],69.700,-0.700,-37.440,-1.800,1,b4w,23.000
Fri Mar 15 19:02:38 2024,0,12,[Range],69.500,-0.600,-45.000,-2.160,1,b4w,20.000
Fri Mar 15 19:02:54 2024,0,8,[Range],69.900,2.600,-62.640,-1.080,0,b4w,27.000
Fri Mar 15 19:03:22 2024,0,14,[Range],69.200,-0.500,-68.400,0.000,1,b4w,8.000
Fri Mar 15 19:03:29 2024,0,15,[Range],69.700,2.300,-50.040,-1.800,0,b4w,20.000
Fri Mar 15 19:03:35 2024,0,19,[Range],69.900,-0.800,-41.400,-2.520,1,b4w,8.000
Fri Mar 15 19:03:36 2024,0,16,[Range],69.700,0.500,-41.400,0.000,0,b4w,41.000
Fri Mar 15 19:03:45 2024,0,31,[Range],69.500,-0.300,-43.920,-1.080,1,b4w,24.000
Fri Mar 15 19:04:43 2024,0,29,[Range],69.900,-0.700,-74.160,0.000,1,b4w,4.000
Fri Mar 15 19:04:51 2024,0,22,[Range],69.600,2.200,-47.160,-2.880,0,b4w,25.000
Fri Mar 15 19:06:05 2024,0,28,[Speed],99.000,0.100,-81.720,0.000,1,undef,4.000
Fri Mar 15 19:06:07 2024,0,28,[Range],69.900,-0.100,-79.560,0.000,1,b4w,7.000
Fri Mar 15 19:06:08 2024,0,40,[Range],69.500,1.900,-54.000,-2.880,0,b4w,21.000
Fri Mar 15 19:06:51 2024,0,25,[Range],69.300,0.400,-61.920,-0.360,1,b4w,2.000
Fri Mar 15 19:07:33 2024,0,33,[Range],69.800,-0.200,-49.680,1.800,1,b4w,37.000
Fri Mar 15 19:07:46 2024,0,43,[Range],69.100,2.500,-69.840,-1.080,0,b4w,17.000
Fri Mar 15 19:07:57 2024,0,37,[Range],69.900,-1.200,-47.520,0.000,1,b4w,5.000
Fri Mar 15 19:08:39 2024,0,42,[Range],69.300,-0.200,-56.160,-0.360,1,b4w,27.000
Fri Mar 15 19:08:48 2024,0,39,[Range],69.600,2.400,-66.960,-1.440,0,b4w,52.000
Fri Mar 15 19:09:51 2024,0,34,[Range],69.900,-0.600,-42.120,-2.520,1,b4w,22.000
Fri Mar 15 19:09:53 2024,0,46,[Range],69.100,2.700,-70.920,-0.360,0,b4w,6.000
Fri Mar 15 19:10:30 2024,0,47,[Range],69.500,2.000,-66.960,-1.440,0,b4w,23.000
Fri Mar 15 19:10:49 2024,0,49,[Range],69.400,2.700,-81.720,-0.720,0,b4w,23.000
Fri Mar 15 19:10:54 2024,0,56,[Range],68.900,3.000,-77.760,-1.080,0,b4w,28.000
Fri Mar 15 19:10:54 2024,0,48,[Range],69.800,1.700,-79.920,0.000,0,b4w,4.000
Fri Mar 15 19:10:54 2024,0,50,[Range],68.900,3.200,-80.280,0.000,0,b4w,1.000
Fri Mar 15 19:10:56 2024,0,51,[Range],69.800,-2.300,-51.840,0.000,1,b4w,0.000
Fri Mar 15 19:10:59 2024,0,57,[Range],69.700,2.300,-78.480,0.000,0,b4w,6.000
Fri Mar 15 19:12:37 2024,0,63,[Range],69.400,-1.800,-49.680,0.000,1,b4w,1.000
Fri Mar 15 19:12:45 2024,0,52,[Range],69.800,-0.900,-29.520,-1.080,1,b4w,48.000
Fri Mar 15 19:12:52 2024,0,67,[Range],69.800,2.300,-83.160,0.000,0,b4w,4.000
Fri Mar 15 19:13:08 2024,0,70,[Range],69.300,-0.100,-59.040,0.000,1,b4w,1.000
Fri Mar 15 19:13:12 2024,0,66,[Range],69.600,-2.800,-28.080,-0.360,1,b4w,40.000
Fri Mar 15 19:13:38 2024,0,60,[Range],69.700,-3.500,-29.520,-0.360,1,b4w,45.000
Fri Mar 15 19:13:40 2024,0,58,[Range],69.100,-0.800,-72.360,0.000,1,b4w,0.000
Fri Mar 15 19:13:45 2024,0,65,[Range],69.900,2.600,-63.360,-1.800,0,b4w,21.000
Fri Mar 15 19:13:51 2024,0,64,[Range],69.900,2.500,-69.840,0.000,0,b4w,4.000
Fri Mar 15 19:14:15 2024,0,61,[Range],69.600,0.100,-77.400,0.000,1,b4w,8.000
Fri Mar 15 19:14:27 2024,0,69,[Range],69.600,2.300,-58.320,-1.800,0,b4w,20.000
Fri Mar 15 19:15:49 2024,0,62,[Range],69.700,0.000,-47.520,0.000,1,b4w,2.000
Fri Mar 15 19:16:20 2024,0,76,[Range],69.800,-0.700,-33.840,-0.360,1,b4w,16.000
Fri Mar 15 19:16:28 2024,0,75,[Range],69.500,-0.400,-41.400,-3.600,1,b4w,23.000
Fri Mar 15 19:17:02 2024,0,79,[Range],69.900,2.200,-69.480,-0.360,0,b4w,22.000
Fri Mar 15 19:17:12 2024,0,77,[Range],69.500,-4.200,-34.920,0.000,1,b4w,0.000
Fri Mar 15 19:17:23 2024,0,73,[Range],69.900,-0.800,-28.800,-1.080,1,b4w,20.000
Fri Mar 15 19:17:29 2024,0,78,[Range],70.200,-5.000,38.160,-0.360,0,b4w,0.000
Fri Mar 15 19:17:33 2024,0,85,[Range],69.800,2.600,-73.080,0.000,0,b4w,23.000
Fri Mar 15 19:17:36 2024,0,81,[Range],69.900,-1.300,-60.120,0.000,1,b4w,1.000
Fri Mar 15 19:18:12 2024,0,82,[Range],68.900,2.800,-82.080,-0.360,0,b4w,13.000
Fri Mar 15 19:18:14 2024,0,91,[Range],69.100,0.700,-75.240,0.000,0,b4w,8.000
Fri Mar 15 19:18:19 2024,0,87,[Range],69.700,-1.200,-32.760,-1.080,1,b4w,33.000
Fri Mar 15 19:18:47 2024,0,84,[Range],69.000,3.200,-68.040,-1.080,0,b4w,59.000
Fri Mar 15 19:19:10 2024,0,99,[Range],69.700,0.000,-54.720,-1.440,1,b4w,43.000
Fri Mar 15 19:19:10 2024,0,101,[Range],69.500,0.200,-55.080,-0.360,1,b4w,3.000
Fri Mar 15 19:19:41 2024,0,94,[Range],69.700,-3.000,-36.000,0.000,1,b4w,4.000
Fri Mar 15 19:20:02 2024,0,86,[Range],69.500,-2.400,-54.360,0.000,1,b4w,1.000
Fri Mar 15 19:20:08 2024,0,106,[Range],69.100,0.200,-68.040,-0.360,1,b4w,36.000
Fri Mar 15 19:20:14 2024,0,103,[Range],69.900,-0.400,-40.320,-0.720,1,b4w,9.000
Fri Mar 15 19:20:23 2024,0,105,[Range],69.900,-1.000,-42.120,-2.160,1,b4w,87.000
Fri Mar 15 19:20:37 2024,0,112,[Range],69.900,-2.200,-39.240,0.000,1,b4w,1.000
Fri Mar 15 19:21:11 2024,0,114,[Range],69.700,-0.800,-36.360,-1.440,1,b4w,23.000
Fri Mar 15 19:21:13 2024,0,120,[Range],69.900,1.100,-67.680,0.000,0,b4w,2.000
Fri Mar 15 19:21:44 2024,0,89,[Range],69.400,0.200,-68.400,-0.720,1,b4w,20.000
Fri Mar 15 19:21:46 2024,0,116,[Range],69.400,-1.500,-47.880,0.000,1,b4w,1.000
Fri Mar 15 19:22:20 2024,0,110,[Range],69.300,0.000,-71.280,-0.360,1,b4w,49.000
Fri Mar 15 19:22:33 2024,0,118,[Range],69.500,2.100,-54.720,-2.520,0,b4w,22.000
Fri Mar 15 19:22:34 2024,0,109,[Range],69.400,1.000,-56.160,0.000,0,b4w,1.000
Fri Mar 15 19:22:44 2024,0,111,[Range],69.800,2.300,-75.240,0.000,0,b4w,3.000
Fri Mar 15 19:22:52 2024,0,121,[Range],69.800,-2.800,-27.360,0.000,1,b4w,0.000
Fri Mar 15 19:22:55 2024,0,90,[Range],69.800,2.400,-66.600,-1.080,0,b4w,29.000
Fri Mar 15 19:23:32 2024,0,115,[Range],69.800,-0.500,-42.120,-1.080,1,b4w,24.000
Fri Mar 15 19:24:16 2024,0,125,[Range],69.500,-0.200,-38.880,-0.720,1,b4w,13.000
Fri Mar 15 19:24:27 2024,0,123,[Speed],11.400,0.400,-81.360,-1.800,1,b4w,23.000
Fri Mar 15 19:24:35 2024,0,119,[Range],69.700,3.100,-70.200,-0.360,0,b4w,49.000
Fri Mar 15 19:24:37 2024,0,100,[Range],69.600,-0.700,-40.320,-0.720,1,b4w,23.000
Fri Mar 15 19:25:13 2024,0,97,[Range],69.900,-4.400,-24.480,0.000,1,b4w,0.000
Fri Mar 15 19:26:21 2024,0,129,[Range],69.900,1.200,-82.440,0.000,0,b4w,6.000
Fri Mar 15 19:26:22 2024,0,129,[Speed],30.400,0.400,-80.280,-1.080,1,b4w,7.000
Fri Mar 15 19:28:46 2024,0,132,[Range],69.800,-0.200,-56.880,-1.080,1,b4w,21.000
Fri Mar 15 19:29:00 2024,0,126,[Range],69.300,2.600,-48.960,-2.880,0,b4w,24.000
Fri Mar 15 19:29:01 2024,0,128,[Range],69.400,-1.100,-49.320,-1.080,1,b4w,4.000
Fri Mar 15 19:29:06 2024,0,135,[Range],69.800,2.100,-42.840,-3.240,0,b4w,52.000
Fri Mar 15 19:29:07 2024,0,139,[Range],69.700,2.600,-42.840,-1.800,0,b4w,17.000
Fri Mar 15 19:29:08 2024,0,138,[Range],69.300,1.900,-43.560,0.000,0,b4w,2.000
Fri Mar 15 19:29:14 2024,0,133,[Range],69.000,1.800,-66.600,-0.720,0,b4w,10.000
Fri Mar 15 19:29:40 2024,0,142,[Range],69.300,2.400,-68.400,0.000,0,b4w,3.000
Fri Mar 15 19:30:07 2024,0,137,[Range],69.800,-0.500,-56.160,-0.720,1,b4w,22.000
Fri Mar 15 19:30:25 2024,0,147,[Range],69.500,0.000,-71.640,0.000,1,b4w,12.000
Fri Mar 15 19:30:30 2024,0,143,[Range],69.800,1.900,-55.080,-3.240,0,b4w,20.000
Fri Mar 15 19:30:36 2024,0,145,[Range],69.900,-0.500,-54.000,-2.160,1,b4w,38.000
Fri Mar 15 19:30:45 2024,0,144,[Range],69.100,0.000,-63.360,-0.360,1,b4w,22.000
Fri Mar 15 19:30:46 2024,0,148,[Range],69.600,3.100,-56.520,-0.720,0,b4w,24.000
Fri Mar 15 19:31:00 2024,0,151,[Range],69.500,3.000,-78.840,-0.360,0,b4w,23.000
Fri Mar 15 19:31:12 2024,0,146,[Range],69.300,2.500,-70.920,-1.800,0,b4w,69.000
Fri Mar 15 19:31:44 2024,0,149,[Range],69.600,-0.500,-75.600,0.000,1,b4w,7.000
Fri Mar 15 19:31:51 2024,0,153,[Range],69.400,-1.400,-41.760,0.000,1,b4w,1.000
Fri Mar 15 19:31:56 2024,0,150,[Range],69.500,2.600,-61.560,-1.800,0,b4w,67.000
Fri Mar 15 19:31:56 2024,0,158,[Range],69.300,0.600,-63.360,0.000,0,b4w,0.000
Fri Mar 15 19:32:33 2024,0,162,[Range],69.500,2.600,-61.200,-3.600,0,b4w,27.000
Fri Mar 15 19:34:02 2024,0,176,[Range],69.800,3.100,-82.440,-0.360,0,b4w,28.000
Fri Mar 15 19:34:29 2024,0,156,[Range],69.500,0.000,-55.080,-0.360,1,b4w,22.000
Fri Mar 15 19:34:50 2024,0,163,[Range],69.400,2.200,-66.240,-2.880,0,b4w,47.000
Fri Mar 15 19:34:51 2024,0,160,[Range],69.300,1.800,-68.400,0.000,0,b4w,2.000
Fri Mar 15 19:35:49 2024,0,169,[Range],68.900,1.100,-79.560,0.000,0,b4w,3.000
Fri Mar 15 19:36:02 2024,0,170,[Range],69.600,-4.000,-37.080,0.000,1,b4w,0.000
Fri Mar 15 19:36:03 2024,0,165,[Range],69.600,0.100,-41.040,-1.080,1,b4w,24.000
Fri Mar 15 19:36:28 2024,0,157,[Range],69.200,3.300,-62.640,-0.360,0,b4w,15.000
Fri Mar 15 19:36:51 2024,0,179,[Range],69.900,-2.000,-43.560,-1.440,1,b4w,5.000
Fri Mar 15 19:37:17 2024,0,171,[Range],69.600,-1.000,-47.880,0.000,1,b4w,0.000
Fri Mar 15 19:37:38 2024,0,164,[Range],69.600,-0.800,-45.000,-2.160,1,b4w,14.000
Fri Mar 15 19:37:51 2024,0,182,[Range],69.300,-0.600,-64.080,-1.080,1,b4w,17.000
Fri Mar 15 19:37:54 2024,0,187,[Range],69.500,1.600,-82.080,0.000,0,b4w,4.000
Fri Mar 15 19:37:56 2024,0,187,[Speed],26.400,0.400,-81.360,-1.440,1,b4w,18.000
Fri Mar 15 19:38:01 2024,0,184,[Range],69.700,1.000,-79.560,0.000,0,b4w,7.000
Fri Mar 15 19:38:21 2024,0,186,[Range],69.200,2.700,-68.760,-0.360,0,b4w,5.000
Fri Mar 15 19:38:22 2024,0,185,[Range],69.600,-1.000,-30.600,0.000,1,b4w,16.000
Fri Mar 15 19:38:52 2024,0,191,[Range],69.900,-1.300,-61.200,0.000,1,b4w,6.000
Fri Mar 15 19:38:57 2024,0,197,[Range],69.800,2.000,-47.520,-1.440,0,b4w,107.000
Fri Mar 15 19:38:58 2024,0,190,[Range],69.500,2.000,-47.880,0.000,0,b4w,7.000
Fri Mar 15 19:39:06 2024,0,198,[Range],69.800,0.100,-49.320,0.000,1,b4w,2.000
Fri Mar 15 19:39:22 2024,0,181,[Range],69.900,2.700,-73.800,-0.360,0,b4w,24.000
Fri Mar 15 19:39:52 2024,0,194,[Range],69.700,2.600,-59.040,-2.880,0,b4w,23.000
Fri Mar 15 19:42:45 2024,0,210,[Range],69.200,0.000,-65.880,-0.720,1,b4w,18.000
Fri Mar 15 19:43:23 2024,0,207,[Range],69.400,-0.800,-47.520,-2.160,1,b4w,43.000
Fri Mar 15 19:43:32 2024,0,209,[Range],69.900,2.100,-49.680,-2.520,0,b4w,24.000
Fri Mar 15 19:43:55 2024,0,213,[Range],69.900,-1.400,-39.600,0.000,1,b4w,0.000
Fri Mar 15 19:44:14 2024,0,214,[Range],69.500,2.200,-51.480,-2.160,0,b4w,21.000
Fri Mar 15 19:44:16 2024,0,206,[Range],69.900,-0.600,-41.760,-1.440,1,b4w,21.000
Fri Mar 15 19:44:35 2024,0,212,[Range],69.400,2.900,-59.400,0.000,0,b4w,22.000
Fri Mar 15 19:44:35 2024,0,226,[Range],69.600,2.900,-56.160,0.000,0,b4w,0.000
Fri Mar 15 19:44:37 2024,0,220,[Range],69.900,-1.700,-54.000,0.000,1,b4w,6.000
Fri Mar 15 19:45:23 2024,0,218,[Range],69.500,3.000,-49.320,-1.440,0,b4w,38.000
Fri Mar 15 19:45:43 2024,0,243,[Range],69.800,-0.800,-37.440,0.360,1,b4w,6.000
Fri Mar 15 19:46:03 2024,0,227,[Range],69.700,-0.400,-37.440,-1.440,1,b4w,22.000
Fri Mar 15 19:46:04 2024,0,230,[Range],69.000,3.200,-71.280,0.000,0,b4w,4.000
Fri Mar 15 19:46:05 2024,0,229,[Range],69.100,2.100,-68.760,0.000,0,b4w,3.000
Fri Mar 15 19:46:32 2024,0,225,[Range],69.400,2.800,-50.760,-1.440,0,b4w,30.000
Fri Mar 15 19:46:49 2024,0,238,[Range],69.800,-3.600,-47.520,0.000,1,b4w,5.000
Fri Mar 15 19:47:07 2024,0,235,[Range],69.500,-2.000,-51.480,0.000,1,b4w,4.000
Fri Mar 15 19:47:09 2024,0,228,[Range],69.900,2.900,-49.680,-2.160,0,b4w,98.000
Fri Mar 15 19:48:26 2024,0,241,[Speed],99.500,0.000,-80.280,0.000,1,undef,2.000
Fri Mar 15 19:48:28 2024,0,241,[Range],69.400,-0.600,-80.280,0.000,1,b4w,5.000
Fri Mar 15 19:48:39 2024,0,244,[Range],69.800,2.400,-56.160,-2.160,0,b4w,25.000
Fri Mar 15 19:49:05 2024,0,234,[Range],69.500,1.800,-51.480,-3.960,0,b4w,25.000
Fri Mar 15 19:49:10 2024,0,252,[Range],69.100,2.400,-62.640,-1.080,0,b4w,33.000
Fri Mar 15 19:49:11 2024,0,231,[Range],69.900,-1.200,-37.440,-1.800,1,b4w,17.000
Fri Mar 15 19:49:38 2024,0,249,[Speed],71.400,-0.300,-82.800,0.000,1,b4w,6.000
Fri Mar 15 19:49:38 2024,0,249,[Range],69.000,-0.100,-82.440,0.000,1,b4w,6.000
Fri Mar 15 19:50:34 2024,0,242,[Range],69.500,-2.900,-51.480,0.000,1,b4w,0.000
Fri Mar 15 19:50:58 2024,0,232,[Range],69.200,0.000,-67.320,0.000,1,b4w,4.000
Fri Mar 15 19:51:03 2024,0,236,[Range],69.100,-0.600,-68.040,-0.360,1,b4w,3.000
Fri Mar 15 19:51:37 2024,0,239,[Range],69.900,-0.700,-50.400,-0.720,1,b4w,22.000
Fri Mar 15 19:51:41 2024,0,1,[Range],69.200,3.000,-78.480,-0.720,0,b4w,20.000
Fri Mar 15 19:51:58 2024,0,254,[Range],69.100,2.500,-80.640,0.000,0,b4w,5.000
Fri Mar 15 19:52:35 2024,0,248,[Range],69.300,2.800,-60.120,-1.440,0,b4w,20.000
Fri Mar 15 19:53:21 2024,0,3,[Range],69.700,3.000,-63.720,0.000,0,b4w,27.000
Fri Mar 15 19:53:23 2024,0,10,[Range],69.900,-0.300,-36.360,-0.360,1,b4w,16.000
Fri Mar 15 19:53:25 2024,0,246,[Range],69.200,2.200,-80.640,0.000,0,b4w,4.000
Fri Mar 15 19:53:32 2024,0,2,[Range],69.500,-0.500,-48.600,-2.880,1,b4w,45.000
Fri Mar 15 19:54:03 2024,0,6,[Range],69.200,-0.200,-55.800,0.000,1,b4w,44.000
Fri Mar 15 19:54:22 2024,0,7,[Range],69.700,2.900,-51.840,-0.720,0,b4w,21.000
Fri Mar 15 19:54:30 2024,0,0,[Speed],32.000,-0.500,-83.880,0.000,1,b4w,6.000
Fri Mar 15 19:54:32 2024,0,17,[Range],69.400,-0.300,-56.160,-1.800,1,b4w,23.000
Fri Mar 15 19:55:23 2024,0,8,[Range],69.400,-1.700,-46.080,0.000,1,b4w,0.000
Fri Mar 15 19:56:03 2024,0,13,[Range],69.700,3.000,-53.280,-2.880,0,b4w,24.000
Fri Mar 15 19:56:04 2024,0,9,[Speed],83.700,0.400,-82.440,0.000,1,b4w,3.000
Fri Mar 15 19:56:05 2024,0,9,[Range],68.800,0.000,-82.800,0.000,1,b4w,3.000
Fri Mar 15 19:56:19 2024,0,16,[Range],69.900,-0.200,-60.120,0.000,1,b4w,32.000
Fri Mar 15 19:57:14 2024,0,18,[Range],69.600,2.400,-49.680,-1.800,0,b4w,34.000
Fri Mar 15 19:57:18 2024,0,14,[Range],69.800,-0.500,-58.320,-1.080,1,b4w,16.000
Fri Mar 15 19:57:32 2024,0,21,[Range],69.600,2.000,-50.040,-3.960,0,b4w,47.000
Fri Mar 15 19:57:34 2024,0,24,[Range],69.400,-0.100,-57.960,0.000,1,b4w,19.000
Fri Mar 15 19:58:14 2024,0,23,[Range],69.400,-1.000,-63.000,0.000,1,b4w,2.000
Fri Mar 15 19:58:50 2024,0,31,[Range],69.500,2.500,-60.840,0.000,0,b4w,3.000
Fri Mar 15 19:58:51 2024,0,26,[Range],69.400,-0.400,-39.600,-1.800,1,b4w,33.000
Fri Mar 15 20:00:11 2024,0,32,[Range],69.100,-0.400,-68.400,-1.440,1,b4w,21.000
Fri Mar 15 20:00:28 2024,0,29,[Range],69.500,-3.500,-36.360,0.000,1,b4w,1.000
Fri Mar 15 20:00:41 2024,0,22,[Range],69.600,-0.700,-39.600,-1.080,1,b4w,22.000
Fri Mar 15 20:00:56 2024,0,28,[Range],69.700,0.600,-69.480,-0.360,0,b4w,22.000
Fri Mar 15 20:01:18 2024,0,40,[Range],69.500,-0.900,-48.240,0.000,1,b4w,1.000
Fri Mar 15 20:01:20 2024,0,25,[Range],69.300,1.300,-75.240,0.000,0,b4w,6.000
Fri Mar 15 20:01:48 2024,0,33,[Range],69.500,-0.700,-51.840,-2.160,1,b4w,29.000
Fri Mar 15 20:01:49 2024,0,35,[Range],69.300,0.000,-51.840,-0.360,1,b4w,1.000
Fri Mar 15 20:01:57 2024,0,38,[Range],69.400,-0.600,-51.120,-2.160,1,b4w,21.000
Fri Mar 15 20:02:06 2024,0,37,[Range],69.300,2.200,-67.320,-2.520,0,b4w,31.000
Fri Mar 15 20:02:13 2024,0,43,[Range],69.600,-0.100,-55.080,-2.160,1,b4w,17.000
Fri Mar 15 20:02:13 2024,0,39,[Range],69.200,0.500,-55.440,-1.440,0,b4w,3.000
Fri Mar 15 20:02:16 2024,0,41,[Range],69.700,-3.500,-34.200,0.000,1,b4w,25.000
Fri Mar 15 20:03:21 2024,0,53,[Range],69.700,-0.600,-52.560,-0.720,1,b4w,6.000
Fri Mar 15 20:03:29 2024,0,46,[Range],69.400,2.200,-80.640,0.000,0,b4w,24.000
Fri Mar 15 20:03:41 2024,0,45,[Range],69.900,-4.700,-34.200,0.000,1,b4w,3.000
Fri Mar 15 20:03:48 2024,0,34,[Range],69.300,2.500,-58.320,-1.800,0,b4w,23.000
Fri Mar 15 20:04:09 2024,0,50,[Range],69.700,2.400,-52.920,-2.880,0,b4w,51.000
Fri Mar 15 20:05:09 2024,0,48,[Range],69.800,2.200,-64.440,-0.720,0,b4w,24.000
Fri Mar 15 20:05:26 2024,0,57,[Range],69.800,-1.100,-57.240,-0.720,1,b4w,3.000
Fri Mar 15 20:05:46 2024,0,59,[Range],69.700,3.000,-43.920,-1.080,0,b4w,23.000
Fri Mar 15 20:06:26 2024,0,51,[Range],69.500,0.200,-79.200,0.000,1,b4w,8.000
Fri Mar 15 20:06:52 2024,0,54,[Range],69.900,2.600,-33.840,-2.160,0,b4w,25.000
Fri Mar 15 20:07:37 2024,0,55,[Range],69.400,2.300,-45.720,-2.520,0,b4w,38.000
Fri Mar 15 20:07:38 2024,0,67,[Range],69.800,2.900,-47.160,0.000,0,b4w,1.000
Fri Mar 15 20:07:45 2024,0,70,[Range],69.700,-1.300,-49.680,0.000,1,b4w,8.000
Fri Mar 15 20:08:09 2024,0,66,[Range],69.600,-1.000,-40.680,-1.800,1,b4w,49.000
Fri Mar 15 20:09:11 2024,0,58,[Range],69.700,2.700,-54.000,-1.800,0,b4w,37.000
Fri Mar 15 20:09:48 2024,0,60,[Range],69.100,-0.100,-67.320,0.000,1,b4w,14.000
Fri Mar 15 20:10:01 2024,0,64,[Range],69.700,-3.000,-47.520,0.000,1,b4w,0.000
Fri Mar 15 20:10:41 2024,0,61,[Range],69.500,-0.400,-35.640,-1.440,1,b4w,20.000
Fri Mar 15 20:10:44 2024,0,65,[Range],69.800,1.600,-69.120,0.000,0,b4w,4.000
Fri Mar 15 20:10:57 2024,0,68,[Range],69.900,-0.600,-27.360,-0.720,1,b4w,26.000
Fri Mar 15 20:12:03 2024,0,69,[Range],69.600,-0.800,-46.800,0.000,1,b4w,1.000
Fri Mar 15 20:13:00 2024,0,71,[Range],69.600,-2.800,-47.880,0.000,1,b4w,0.000
Fri Mar 15 20:13:14 2024,0,72,[Range],69.400,2.100,-48.600,-3.240,0,b4w,25.000
Fri Mar 15 20:13:15 2024,0,74,[Range],69.600,1.700,-50.400,0.000,0,b4w,3.000
Fri Mar 15 20:13:19 2024,0,76,[Range],69.700,-0.200,-45.000,0.000,1,b4w,1.000
Fri Mar 15 20:13:38 2024,0,75,[Range],69.200,2.600,-62.280,-1.440,0,b4w,23.000
Fri Mar 15 20:14:01 2024,0,77,[Range],69.700,-0.700,-48.600,-1.080,1,b4w,53.000
Fri Mar 15 20:14:02 2024,0,78,[Range],69.800,2.100,-64.800,0.000,0,b4w,24.000
Fri Mar 15 20:14:53 2024,0,73,[Range],69.900,-1.200,-46.440,-0.360,1,b4w,25.000
Fri Mar 15 20:15:18 2024,0,85,[Range],69.800,0.000,-63.360,0.000,1,b4w,2.000
Fri Mar 15 20:15:19 2024,0,82,[Range],69.800,-1.200,-49.680,0.000,1,b4w,6.000
Fri Mar 15 20:15:29 2024,0,91,[Range],69.600,-1.000,-46.080,-1.080,1,b4w,49.000
Fri Mar 15 20:15:58 2024,0,87,[Range],69.600,-0.300,-77.040,0.000,1,b4w,31.000
Fri Mar 15 20:15:59 2024,0,88,[Range],69.800,3.000,-58.320,-1.080,0,b4w,44.000
Fri Mar 15 20:15:59 2024,0,92,[Range],69.700,2.400,-58.680,0.000,0,b4w,12.000
Fri Mar 15 20:16:00 2024,0,96,[Range],69.100,2.700,-58.320,0.000,0,b4w,8.000
Fri Mar 15 20:16:29 2024,0,101,[Range],69.300,-1.800,-66.960,0.000,1,b4w,6.000
Fri Mar 15 20:16:46 2024,0,93,[Range],69.100,-0.300,-66.600,-0.360,1,b4w,23.000
Fri Mar 15 20:16:47 2024,0,99,[Range],69.300,2.300,-53.280,-2.520,0,b4w,22.000
Fri Mar 15 20:17:28 2024,0,94,[Range],69.300,2.400,-75.240,-0.360,0,b4w,36.000
Fri Mar 15 20:17:35 2024,0,106,[Range],69.500,-0.900,-42.480,-0.720,1,b4w,8.000
Fri Mar 15 20:18:20 2024,0,98,[Range],69.500,0.000,-43.560,-2.520,1,b4w,24.000
Fri Mar 15 20:18:28 2024,0,105,[Range],69.500,1.300,-78.480,-0.360,0,b4w,6.000
Fri Mar 15 20:18:37 2024,0,108,[Range],69.500,-0.500,-52.200,-0.360,1,b4w,6.000
Fri Mar 15 20:19:28 2024,0,103,[Range],69.900,2.400,-57.960,-1.800,0,b4w,6.000
Fri Mar 15 20:19:50 2024,0,89,[Range],69.300,3.400,-75.600,0.000,0,b4w,4.000
Fri Mar 15 20:19:51 2024,0,120,[Range],69.900,-0.800,-38.520,-1.800,1,b4w,22.000
Fri Mar 15 20:20:09 2024,0,116,[Range],69.800,2.500,-20.880,-0.360,0,b4w,35.000
Fri Mar 15 20:20:26 2024,0,109,[Range],69.000,1.900,-79.200,0.000,0,b4w,9.000
Fri Mar 15 20:20:53 2024,0,118,[Range],69.200,2.800,-62.280,-1.440,0,b4w,28.000
Fri Mar 15 20:20:53 2024,0,110,[Range],69.500,-3.800,-63.720,0.000,1,b4w,11.000
Fri Mar 15 20:20:53 2024,0,111,[Range],69.500,2.400,-63.720,0.000,0,b4w,3.000
Fri Mar 15 20:21:29 2024,0,104,[Range],69.400,2.300,-73.080,0.000,0,b4w,30.000
Fri Mar 15 20:22:02 2024,0,90,[Range],69.000,2.600,-70.200,-0.360,0,b4w,4.000
Fri Mar 15 20:22:15 2024,0,121,[Range],69.900,2.800,-81.360,-0.360,0,b4w,9.000
Fri Mar 15 20:22:21 2024,0,125,[Range],69.600,-2.900,-33.480,0.000,1,b4w,0.000
Fri Mar 15 20:22:27 2024,0,102,[Range],69.400,0.100,-72.360,0.000,1,b4w,4.000
Fri Mar 15 20:22:59 2024,0,123,[Range],69.600,-0.900,-51.120,-0.360,1,b4w,27.000
Fri Mar 15 20:23:11 2024,0,119,[Range],69.700,-3.400,-33.840,0.000,1,b4w,1.000
Fri Mar 15 20:23:30 2024,0,100,[Range],69.800,-1.400,-41.040,1.440,1,b4w,18.000
Fri Mar 15 20:24:05 2024,0,130,[Range],69.200,3.000,-61.200,-1.080,0,b4w,31.000
Fri Mar 15 20:24:06 2024,0,127,[Range],69.800,0.600,-62.640,0.000,0,b4w,14.000
Fri Mar 15 20:25:29 2024,0,126,[Range],69.500,-2.300,-43.920,0.000,1,b4w,1.000
Fri Mar 15 20:27:55 2024,0,131,[Range],69.100,1.600,-72.000,0.000,0,b4w,12.000
Fri Mar 15 20:28:22 2024,0,135,[Range],69.800,-0.600,-74.520,0.000,1,b4w,3.000
Fri Mar 15 20:29:09 2024,0,134,[Range],69.100,2.900,-74.520,-0.360,0,b4w,114.000
Fri Mar 15 20:29:10 2024,0,139,[Range],69.100,3.000,-74.160,0.000,0,b4w,39.000
Fri Mar 15 20:29:11 2024,0,138,[Range],69.900,-3.000,-36.360,0.000,1,b4w,2.000
Fri Mar 15 20:29:20 2024,0,133,[Range],69.500,-0.800,-33.840,-1.080,1,b4w,17.000
Fri Mar 15 20:29:37 2024,0,140,[Range],69.700,0.100,-42.480,-2.520,1,b4w,22.000
Fri Mar 15 20:30:03 2024,0,142,[Range],69.900,-1.700,-38.880,0.000,1,b4w,0.000
Fri Mar 15 20:31:08 2024,0,137,[Range],69.300,2.700,-64.440,-2.160,0,b4w,20.000
Fri Mar 15 20:31:08 2024,0,147,[Range],69.200,2.400,-64.440,0.000,0,b4w,49.000
Fri Mar 15 20:31:21 2024,0,143,[Range],69.600,0.900,-76.680,0.000,0,b4w,2.000
Fri Mar 15 20:32:13 2024,0,148,[Range],69.700,-2.900,-47.160,0.000,1,b4w,7.000
Fri Mar 15 20:32:16 2024,0,141,[Range],69.400,0.000,-61.200,-0.360,1,b4w,20.000
Fri Mar 15 20:32:25 2024,0,144,[Range],69.600,-0.800,-41.760,-0.360,1,b4w,11.000
Fri Mar 15 20:32:34 2024,0,151,[Range],69.400,2.300,-57.600,-2.520,0,b4w,13.000
Fri Mar 15 20:33:28 2024,0,149,[Range],69.800,-0.300,-44.640,-2.160,1,b4w,24.000
Fri Mar 15 20:33:43 2024,0,158,[Range],69.800,2.900,-80.280,-0.360,0,b4w,6.000
Fri Mar 15 20:34:34 2024,0,153,[Range],69.300,2.800,-75.960,-0.360,0,b4w,6.000
Fri Mar 15 20:35:24 2024,0,161,[Range],69.600,3.600,-47.160,0.000,0,b4w,36.000
Fri Mar 15 20:35:42 2024,0,152,[Range],69.400,-0.300,-54.360,-0.720,1,b4w,49.000
Fri Mar 15 20:36:19 2024,0,162,[Range],69.900,-0.400,-35.280,0.000,1,b4w,1.000
Fri Mar 15 20:36:29 2024,0,176,[Range],69.500,2.600,-55.440,-1.800,0,b4w,23.000
Fri Mar 15 20:36:30 2024,0,160,[Range],69.700,-0.400,-56.880,0.000,1,b4w,0.000
Fri Mar 15 20:36:30 2024,0,156,[Range],69.600,2.800,-56.520,0.000,0,b4w,0.000
Fri Mar 15 20:37:09 2024,0,163,[Range],69.400,2.700,-64.800,-2.160,0,b4w,21.000
Fri Mar 15 20:37:10 2024,0,173,[Range],69.400,1.900,-67.320,0.000,0,b4w,0.000
Fri Mar 15 20:37:20 2024,0,170,[Range],69.700,-0.200,-64.440,-0.360,1,b4w,25.000
Fri Mar 15 20:38:35 2024,0,178,[Range],69.200,-0.500,-60.840,-0.720,1,b4w,22.000
Fri Mar 15 20:38:41 2024,0,179,[Range],69.900,-1.600,-43.920,0.000,1,b4w,5.000
Fri Mar 15 20:38:53 2024,0,177,[Range],69.600,-1.000,-37.440,-2.160,1,b4w,42.000
Fri Mar 15 20:39:27 2024,0,175,[Range],69.600,-0.100,-61.200,-0.360,1,b4w,24.000
Fri Mar 15 20:40:20 2024,0,167,[Range],69.000,2.700,-82.080,-0.360,0,b4w,7.000
Fri Mar 15 20:40:23 2024,0,164,[Range],69.900,-1.600,-24.840,1.080,1,b4w,24.000
Fri Mar 15 20:40:39 2024,0,187,[Range],69.400,-0.700,-58.320,-0.360,1,b4w,6.000
Fri Mar 15 20:41:09 2024,0,192,[Range],69.100,-0.100,-63.000,0.000,1,b4w,0.000
Fri Mar 15 20:41:55 2024,0,184,[Range],69.400,1.500,-78.840,0.000,0,b4w,5.000
Fri Mar 15 20:42:15 2024,0,185,[Range],69.100,3.000,-74.880,-0.720,0,b4w,5.000
Fri Mar 15 20:42:15 2024,0,196,[Range],69.400,-0.400,-54.360,-0.360,1,b4w,6.000
Fri Mar 15 20:42:26 2024,0,181,[Range],69.400,-0.700,-46.080,-2.160,1,b4w,27.000
Fri Mar 15 20:43:05 2024,0,190,[Range],69.500,-0.600,-55.800,-1.440,1,b4w,47.000
Fri Mar 15 20:44:27 2024,0,197,[Range],69.900,-0.300,-55.800,-1.440,1,b4w,66.000
Fri Mar 15 20:44:27 2024,0,200,[Range],69.800,-2.000,-57.240,0.000,1,b4w,0.000
Fri Mar 15 20:45:22 2024,0,195,[Range],69.300,-0.100,-55.800,-0.720,1,b4w,44.000
Fri Mar 15 20:45:47 2024,0,194,[Range],69.500,-0.200,-51.120,-1.080,1,b4w,22.000
Fri Mar 15 20:45:55 2024,0,202,[Range],69.700,2.100,-71.640,-2.160,0,b4w,23.000
Fri Mar 15 20:45:56 2024,0,208,[Range],69.700,-1.300,-73.440,0.000,1,b4w,19.000
Fri Mar 15 20:45:56 2024,0,199,[Range],69.600,1.300,-72.720,0.000,0,b4w,14.000
Fri Mar 15 20:46:02 2024,0,188,[Range],69.700,-0.700,-53.280,-0.360,1,b4w,5.000
Fri Mar 15 20:46:04 2024,0,210,[Range],69.300,-0.500,-53.280,-1.800,1,b4w,21.000
Fri Mar 15 20:46:07 2024,0,207,[Range],69.700,-0.200,-43.200,-1.800,1,b4w,43.000
Fri Mar 15 20:46:45 2024,0,214,[Range],69.800,-0.500,-42.480,-2.880,1,b4w,22.000
Fri Mar 15 20:47:27 2024,0,205,[Range],69.900,2.800,-66.240,-0.720,0,b4w,13.000
Fri Mar 15 20:48:34 2024,0,217,[Range],69.400,-0.300,-53.640,-1.800,1,b4w,22.000
Fri Mar 15 20:49:52 2024,0,219,[Range],69.800,-0.500,-54.360,-2.880,1,b4w,72.000
Fri Mar 15 20:50:07 2024,0,226,[Range],69.800,-0.600,-72.720,0.000,1,b4w,5.000
Fri Mar 15 20:50:19 2024,0,224,[Range],69.800,2.800,-46.800,-2.160,0,b4w,54.000
Fri Mar 15 20:50:57 2024,0,222,[Range],69.800,-3.100,-36.360,-1.080,1,b4w,33.000
Fri Mar 15 20:52:09 2024,0,243,[Range],69.900,1.700,-82.440,0.000,0,b4w,3.000
Fri Mar 15 20:52:10 2024,0,243,[Speed],28.900,0.400,-82.080,-2.880,1,b4w,7.000
Fri Mar 15 20:52:27 2024,0,227,[Range],69.500,-0.200,-61.200,-0.720,1,b4w,7.000
Fri Mar 15 20:52:34 2024,0,230,[Range],68.900,2.900,-75.960,-0.720,0,b4w,29.000
Fri Mar 15 20:52:35 2024,0,225,[Range],69.600,-3.700,-32.760,-1.080,1,b4w,1.000
Fri Mar 15 20:52:56 2024,0,235,[Range],69.500,2.500,-50.040,-2.520,0,b4w,40.000
Fri Mar 15 20:54:39 2024,0,250,[Range],69.500,-0.100,-60.480,-1.440,1,b4w,6.000
Fri Mar 15 20:55:08 2024,0,234,[Range],69.800,3.100,-47.880,-0.360,0,b4w,24.000
Fri Mar 15 20:55:29 2024,0,231,[Range],69.400,1.100,-77.040,-0.360,0,b4w,22.000
Fri Mar 15 20:56:12 2024,0,237,[Range],69.700,0.700,-78.120,0.000,0,b4w,24.000
Fri Mar 15 20:56:14 2024,0,237,[Speed],13.800,0.000,-80.280,0.720,1,b4w,65.000
Fri Mar 15 20:56:21 2024,0,249,[Range],69.300,2.000,-55.440,-1.080,0,b4w,79.000
Fri Mar 15 20:56:22 2024,0,242,[Range],69.600,3.000,-55.800,0.000,0,b4w,2.000
Fri Mar 15 20:56:35 2024,0,232,[Range],69.600,-0.600,-64.440,0.000,1,b4w,17.000
Fri Mar 15 20:57:02 2024,0,245,[Range],69.700,2.500,-47.880,-2.160,0,b4w,33.000
Fri Mar 15 20:57:41 2024,0,247,[Range],69.900,-2.700,-28.440,-0.360,1,b4w,25.000
Fri Mar 15 20:58:14 2024,0,239,[Range],69.900,-0.100,-64.800,-1.800,1,b4w,23.000
Fri Mar 15 20:58:14 2024,0,251,[Range],69.300,0.000,-65.520,0.000,1,b4w,2.000
Fri Mar 15 20:58:15 2024,0,1,[Range],69.700,1.800,-76.320,0.000,0,b4w,8.000
Fri Mar 15 20:58:16 2024,0,248,[Range],69.100,3.000,-59.040,-0.720,0,b4w,22.000
Fri Mar 15 20:58:17 2024,0,3,[Range],69.200,2.200,-60.480,0.000,0,b4w,10.000
Fri Mar 15 20:58:37 2024,0,6,[Range],69.600,-1.200,-36.000,-2.520,1,b4w,24.000
Fri Mar 15 20:58:54 2024,0,2,[Range],69.400,-0.100,-50.040,-2.520,1,b4w,29.000
Fri Mar 15 20:59:37 2024,0,10,[Range],69.600,2.900,-49.680,-2.160,0,b4w,23.000
Fri Mar 15 20:59:37 2024,0,4,[Range],69.700,1.300,-50.400,0.000,0,b4w,0.000
Fri Mar 15 21:00:20 2024,0,0,[Range],69.700,3.100,-76.680,0.000,0,b4w,9.000
Fri Mar 15 21:02:43 2024,0,17,[Range],69.300,2.400,-58.320,-3.960,0,b4w,56.000
Fri Mar 15 21:02:43 2024,0,5,[Range],69.900,2.500,-59.760,0.000,0,b4w,24.000
Fri Mar 15 21:03:01 2024,0,12,[Range],69.800,-0.800,-39.960,0.360,1,b4w,6.000
Fri Mar 15 21:03:20 2024,0,8,[Range],69.900,2.600,-64.080,-1.440,0,b4w,28.000
Fri Mar 15 21:03:27 2024,0,20,[Range],69.400,-0.400,-43.560,-3.240,1,b4w,24.000
Fri Mar 15 21:03:59 2024,0,11,[Speed],95.600,0.300,-81.000,0.000,1,undef,37.000
Fri Mar 15 21:04:00 2024,0,11,[Range],68.900,0.100,-81.360,0.000,1,b4w,50.000
Fri Mar 15 21:04:10 2024,0,13,[Range],69.200,2.900,-70.200,-2.160,0,b4w,22.000
Fri Mar 15 21:04:11 2024,0,16,[Range],69.700,2.600,-70.200,0.000,0,b4w,34.000
Fri Mar 15 21:05:21 2024,0,14,[Range],69.900,-1.000,-47.520,-0.360,1,b4w,11.000
Fri Mar 15 21:05:35 2024,0,18,[Range],69.900,2.700,-76.320,-0.360,0,b4w,44.000
Fri Mar 15 21:05:55 2024,0,21,[Range],69.800,2.600,-68.760,-1.080,0,b4w,28.000
Fri Mar 15 21:05:58 2024,0,27,[Range],69.700,-0.800,-47.160,-1.440,1,b4w,24.000
Fri Mar 15 21:07:41 2024,0,23,[Range],69.700,-0.900,-54.000,0.000,1,b4w,4.000
Fri Mar 15 21:07:53 2024,0,31,[Range],69.800,0.300,-78.840,0.000,1,b4w,3.000
Fri Mar 15 21:07:55 2024,0,31,[Speed],36.900,-1.300,-79.920,-2.160,1,b4w,5.000
Fri Mar 15 21:08:14 2024,0,24,[Range],69.800,-0.200,-51.120,-1.440,1,b4w,4.000
Fri Mar 15 21:09:09 2024,0,30,[Range],69.300,2.800,-47.880,-1.440,0,b4w,23.000
Fri Mar 15 21:09:16 2024,0,32,[Range],69.900,-0.500,-35.640,-1.800,1,b4w,22.000
Fri Mar 15 21:09:30 2024,0,28,[Range],69.900,-1.400,-38.880,-0.360,1,b4w,57.000
Fri Mar 15 21:09:35 2024,0,29,[Range],69.800,1.400,-77.400,0.000,0,b4w,33.000
Fri Mar 15 21:10:14 2024,0,22,[Range],69.400,-0.400,-46.080,-0.720,1,b4w,34.000
Fri Mar 15 21:10:25 2024,0,36,[Speed],99.200,0.400,-81.360,0.000,1,undef,11.000
Fri Mar 15 21:10:27 2024,0,40,[Speed],82.000,-0.400,-81.360,0.000,1,b4w,58.000
Fri Mar 15 21:10:27 2024,0,36,[Range],69.400,-0.200,-81.360,0.000,1,b4w,17.000
Fri Mar 15 21:10:27 2024,0,40,[Range],69.600,-0.600,-81.000,0.000,1,b4w,119.000
Fri Mar 15 21:10:47 2024,0,33,[Range],69.800,2.500,-41.400,-1.800,0,b4w,23.000
Fri Mar 15 21:10:59 2024,0,42,[Range],69.800,-0.100,-53.640,-1.800,1,b4w,24.000
Fri Mar 15 21:11:00 2024,0,44,[Range],69.500,0.600,-53.640,0.000,0,b4w,2.000
Fri Mar 15 21:11:05 2024,0,37,[Range],69.100,1.400,-78.840,0.000,0,b4w,20.000
Fri Mar 15 21:12:02 2024,0,43,[Range],69.300,-1.000,-48.960,0.000,1,b4w,20.000
Fri Mar 15 21:14:33 2024,0,47,[Range],69.900,-1.100,-33.840,-1.800,1,b4w,26.000
Fri Mar 15 21:15:10 2024,0,45,[Range],69.300,2.700,-59.400,-1.440,0,b4w,31.000
Fri Mar 15 21:15:12 2024,0,49,[Range],69.600,-0.600,-47.880,-1.080,1,b4w,107.000
Fri Mar 15 21:15:27 2024,0,46,[Range],69.900,-0.900,-69.840,0.000,1,b4w,5.000
Fri Mar 15 21:15:53 2024,0,50,[Range],69.800,2.500,-75.960,-0.360,0,b4w,5.000
Fri Mar 15 21:16:06 2024,0,56,[Range],69.900,1.800,-46.800,-6.120,0,b4w,47.000
Fri Mar 15 21:17:35 2024,0,54,[Range],69.200,2.800,-67.320,0.000,0,b4w,12.000
Fri Mar 15 21:17:50 2024,0,63,[Range],69.500,-0.500,-46.800,-2.520,1,b4w,25.000
Fri Mar 15 21:18:09 2024,0,52,[Range],69.600,2.100,-42.480,-3.960,0,b4w,23.000
Fri Mar 15 21:18:33 2024,0,66,[Range],69.300,-0.600,-46.800,-2.160,1,b4w,25.000
Fri Mar 15 21:18:34 2024,0,70,[Range],69.500,-1.900,-47.880,0.000,1,b4w,0.000
Fri Mar 15 21:18:48 2024,0,60,[Range],69.900,2.900,-50.040,-1.440,0,b4w,20.000
Fri Mar 15 21:19:31 2024,0,58,[Range],69.700,2.000,-58.320,-2.520,0,b4w,23.000
Fri Mar 15 21:19:50 2024,0,61,[Range],69.900,-3.300,-55.440,0.000,1,b4w,2.000
Fri Mar 15 21:20:01 2024,0,68,[Range],69.200,-0.800,-51.840,-2.520,1,b4w,20.000
Fri Mar 15 21:20:08 2024,0,69,[Range],69.600,-4.400,-42.840,0.000,1,b4w,0.000
Fri Mar 15 21:20:08 2024,0,64,[Range],69.700,2.600,-59.400,-1.800,0,b4w,22.000
Fri Mar 15 21:20:09 2024,0,71,[Range],69.200,2.400,-61.200,0.000,0,b4w,4.000
Fri Mar 15 21:20:21 2024,0,72,[Range],69.400,2.500,-50.760,-3.240,0,b4w,26.000
Fri Mar 15 21:20:27 2024,0,75,[Range],69.800,-3.300,-61.560,0.000,1,b4w,2.000
Fri Mar 15 21:20:48 2024,0,78,[Range],69.300,-1.000,-49.680,-3.240,1,b4w,26.000
Fri Mar 15 21:20:48 2024,0,77,[Range],69.300,3.200,-58.680,0.000,0,b4w,22.000
Fri Mar 15 21:21:07 2024,0,73,[Range],69.900,2.300,-45.000,-1.800,0,b4w,24.000
Fri Mar 15 21:21:26 2024,0,82,[Range],69.900,-1.600,-21.600,1.080,1,b4w,21.000
Fri Mar 15 21:22:29 2024,0,80,[Range],69.600,-1.100,-46.080,-2.160,1,b4w,23.000
Fri Mar 15 21:24:46 2024,0,85,[Speed],99.200,0.200,-79.920,0.000,1,undef,3.000
Fri Mar 15 21:24:46 2024,0,85,[Speed],95.800,0.400,-79.920,0.000,1,undef,4.000
Fri Mar 15 21:24:46 2024,0,85,[Speed],89.300,0.300,-79.920,0.000,1,b4w,5.000
Fri Mar 15 21:24:47 2024,0,85,[Range],69.500,0.100,-78.840,0.000,1,b4w,4.000
Fri Mar 15 21:25:37 2024,0,91,[Range],69.700,-1.700,-45.360,0.000,1,b4w,0.000
Fri Mar 15 21:25:48 2024,0,84,[Range],69.700,-0.300,-59.760,-2.160,1,b4w,78.000
Fri Mar 15 21:25:49 2024,0,88,[Range],69.500,-1.900,-60.120,0.000,1,b4w,1.000
Fri Mar 15 21:25:54 2024,0,101,[Range],69.800,1.900,-73.440,-2.160,0,b4w,46.000
Fri Mar 15 21:26:16 2024,0,96,[Range],69.900,3.000,-39.960,-0.360,0,b4w,24.000
Fri Mar 15 21:26:36 2024,0,99,[Range],69.500,0.100,-75.240,0.000,1,b4w,6.000
Fri Mar 15 21:26:53 2024,0,94,[Range],69.200,2.300,-61.560,-0.720,0,b4w,4.000
Fri Mar 15 21:27:22 2024,0,106,[Range],69.500,-0.600,-46.800,-1.800,1,b4w,24.000
Fri Mar 15 21:27:27 2024,0,107,[Range],69.400,2.500,-63.720,-1.800,0,b4w,22.000
Fri Mar 15 21:27:27 2024,0,105,[Range],69.500,1.900,-65.160,0.000,0,b4w,6.000
Fri Mar 15 21:27:59 2024,0,112,[Range],69.300,3.000,-57.960,-1.080,0,b4w,40.000
Fri Mar 15 21:28:06 2024,0,98,[Range],69.400,0.600,-50.400,-1.800,0,b4w,21.000
Fri Mar 15 21:28:26 2024,0,103,[Range],69.300,2.100,-51.840,-3.240,0,b4w,23.000
Fri Mar 15 21:28:30 2024,0,89,[Range],69.500,2.800,-49.320,0.000,0,b4w,20.000
Fri Mar 15 21:28:31 2024,0,116,[Range],69.400,-0.600,-50.040,0.000,1,b4w,3.000
Fri Mar 15 21:28:32 2024,0,120,[Range],69.300,-0.700,-59.760,-0.720,1,b4w,57.000
Fri Mar 15 21:28:44 2024,0,110,[Range],69.700,-0.900,-42.840,0.000,1,b4w,4.000
Fri Mar 15 21:29:09 2024,0,118,[Range],69.200,2.500,-70.560,-0.720,0,b4w,22.000
Fri Mar 15 21:29:09 2024,0,104,[Range],69.600,-3.700,-38.160,0.000,1,b4w,1.000
Fri Mar 15 21:29:59 2024,0,90,[Range],69.300,-0.200,-70.920,0.000,1,b4w,4.000
Fri Mar 15 21:30:08 2024,0,124,[Range],69.300,-0.100,-54.360,-2.160,1,b4w,25.000
Fri Mar 15 21:30:41 2024,0,102,[Range],69.100,3.100,-72.720,0.000,0,b4w,7.000
Fri Mar 15 21:30:43 2024,0,125,[Range],69.700,-1.300,-39.240,-2.880,1,b4w,24.000
Fri Mar 15 21:31:59 2024,0,119,[Range],69.200,0.300,-78.120,0.000,1,b4w,25.000
Fri Mar 15 21:32:21 2024,0,123,[Range],69.300,-0.200,-58.680,0.000,1,b4w,0.000
Fri Mar 15 21:33:12 2024,0,129,[Range],69.900,-3.200,-47.160,0.000,1,b4w,8.000
Fri Mar 15 21:33:47 2024,0,97,[Range],69.500,-0.600,-51.480,-1.440,1,b4w,24.000
Fri Mar 15 21:34:00 2024,0,132,[Range],69.200,2.300,-61.200,-1.440,0,b4w,118.000
Fri Mar 15 21:34:00 2024,0,122,[Range],69.400,3.600,-61.560,0.000,0,b4w,23.000
Fri Mar 15 21:35:16 2024,0,131,[Range],69.200,2.200,-60.840,-1.080,0,b4w,30.000
Fri Mar 15 21:35:26 2024,0,139,[Range],69.100,-0.300,-73.080,0.000,1,b4w,20.000
Fri Mar 15 21:35:28 2024,0,134,[Range],69.700,1.800,-65.160,-0.720,0,b4w,4.000
Fri Mar 15 21:36:13 2024,0,140,[Range],69.500,2.500,-75.240,-0.360,0,b4w,9.000
Fri Mar 15 21:36:29 2024,0,133,[Range],69.900,-2.600,-29.520,-0.720,1,b4w,7.000
Fri Mar 15 21:37:26 2024,0,142,[Range],69.700,0.000,-66.600,-0.360,1,b4w,47.000
Fri Mar 15 21:37:30 2024,0,147,[Range],69.500,1.900,-59.040,-1.080,0,b4w,28.000
Fri Mar 15 21:38:00 2024,0,145,[Range],69.900,2.100,-66.960,-1.800,0,b4w,25.000
Fri Mar 15 21:38:02 2024,0,143,[Range],69.500,2.700,-74.880,0.000,0,b4w,4.000
Fri Mar 15 21:38:08 2024,0,148,[Range],69.500,0.000,-64.800,-0.720,1,b4w,141.000
Fri Mar 15 21:38:08 2024,0,141,[Range],69.100,-0.400,-64.800,0.000,1,b4w,140.000
Fri Mar 15 21:38:27 2024,0,144,[Range],69.700,-0.600,-50.040,-2.160,1,b4w,23.000
Fri Mar 15 21:39:03 2024,0,154,[Range],69.300,2.700,-65.160,-0.720,0,b4w,4.000
Fri Mar 15 21:39:05 2024,0,146,[Range],69.500,-1.000,-41.400,-1.440,1,b4w,44.000
Fri Mar 15 21:39:48 2024,0,149,[Range],69.800,-0.700,-36.720,-2.520,1,b4w,43.000
Fri Mar 15 21:40:06 2024,0,153,[Range],69.300,2.600,-69.480,0.000,0,b4w,23.000
Fri Mar 15 21:40:55 2024,0,150,[Range],69.100,-0.100,-75.960,0.000,1,b4w,23.000
Fri Mar 15 21:40:55 2024,0,155,[Range],69.900,-1.700,-76.320,0.000,1,b4w,4.000
Fri Mar 15 21:40:58 2024,0,150,[Speed],10.100,-0.500,-79.920,2.880,1,b4w,63.000
Fri Mar 15 21:41:56 2024,0,162,[Range],69.600,2.300,-51.840,-2.520,0,b4w,28.000
Fri Mar 15 21:43:33 2024,0,152,[Range],69.400,-0.400,-77.760,0.000,1,b4w,4.000
Fri Mar 15 21:47:23 2024,0,159,[Range],69.400,2.600,-43.920,-1.440,0,b4w,23.000
Fri Mar 15 21:47:27 2024,0,156,[Speed],47.500,-1.200,-83.520,0.000,1,b4w,3.000
Fri Mar 15 21:47:36 2024,0,161,[Range],69.900,2.800,-60.840,-0.360,0,b4w,7.000
Fri Mar 15 21:48:03 2024,0,172,[Range],69.800,2.300,-66.240,-2.160,0,b4w,22.000
Fri Mar 15 21:48:04 2024,0,160,[Range],69.700,2.000,-66.600,0.000,0,b4w,14.000
Fri Mar 15 21:48:04 2024,0,176,[Range],69.800,2.100,-66.600,0.000,0,b4w,13.000
Fri Mar 15 21:48:33 2024,0,169,[Range],69.900,-0.500,-47.520,-0.360,1,b4w,22.000
Fri Mar 15 21:49:23 2024,0,163,[Speed],74.000,0.400,-79.920,0.000,1,b4w,4.000
Fri Mar 15 21:49:23 2024,0,163,[Range],69.600,0.300,-79.920,0.000,1,b4w,4.000
Fri Mar 15 21:49:44 2024,0,170,[Range],69.200,0.300,-75.960,0.000,1,b4w,6.000
Fri Mar 15 21:49:53 2024,0,157,[Range],69.100,1.800,-72.720,-0.720,0,b4w,12.000
Fri Mar 15 21:50:03 2024,0,166,[Speed],99.800,0.300,-81.720,0.000,1,undef,5.000
Fri Mar 15 21:50:04 2024,0,166,[Range],69.000,-0.400,-82.440,0.000,1,b4w,7.000
Fri Mar 15 21:50:26 2024,0,165,[Range],69.800,-3.200,-33.840,0.000,1,b4w,4.000
Fri Mar 15 21:50:33 2024,0,178,[Range],69.900,-0.800,-38.160,0.360,1,b4w,22.000
Fri Mar 15 21:50:51 2024,0,179,[Range],69.800,-4.600,-33.840,0.000,1,b4w,0.000
Fri Mar 15 21:50:54 2024,0,177,[Range],69.700,0.000,-63.000,-0.360,1,b4w,24.000
Fri Mar 15 21:51:03 2024,0,168,[Range],69.300,2.300,-66.600,-1.800,0,b4w,62.000
Fri Mar 15 21:53:46 2024,0,182,[Range],69.800,-0.300,-42.120,-1.440,1,b4w,22.000
Fri Mar 15 21:53:57 2024,0,180,[Range],69.500,-0.100,-46.800,-2.160,1,b4w,25.000
Fri Mar 15 21:54:15 2024,0,167,[Range],69.800,0.000,-57.960,-0.720,1,b4w,6.000
Fri Mar 15 21:54:24 2024,0,171,[Range],69.600,1.400,-54.720,-0.360,0,b4w,11.000
Fri Mar 15 21:55:42 2024,0,164,[Range],69.700,2.400,-66.960,-1.080,0,b4w,11.000
Fri Mar 15 21:55:45 2024,0,187,[Range],69.300,-0.600,-63.000,-1.080,1,b4w,38.000
Fri Mar 15 21:55:47 2024,0,192,[Range],69.700,2.400,-45.000,-2.520,0,b4w,22.000
Fri Mar 15 21:55:47 2024,0,189,[Range],69.800,-0.600,-59.400,-0.360,1,b4w,6.000
Fri Mar 15 21:55:55 2024,0,184,[Range],69.600,0.000,-45.000,0.000,1,b4w,90.000
Fri Mar 15 21:55:56 2024,0,191,[Range],69.600,1.000,-45.360,-0.720,0,b4w,7.000
Fri Mar 15 21:55:56 2024,0,186,[Range],69.300,3.100,-78.480,0.000,0,b4w,7.000
Fri Mar 15 21:58:33 2024,0,181,[Range],69.400,0.000,-43.560,-1.440,1,b4w,21.000
Fri Mar 15 21:59:37 2024,0,190,[Range],69.500,-1.500,-46.800,-0.720,1,b4w,21.000
Fri Mar 15 21:59:39 2024,0,200,[Range],69.400,2.700,-78.840,-0.360,0,b4w,26.000
Fri Mar 15 21:59:47 2024,0,195,[Range],69.100,0.500,-74.880,-1.080,0,b4w,22.000
Fri Mar 15 21:59:48 2024,0,193,[Range],69.700,-1.600,-76.320,0.000,1,b4w,3.000
Fri Mar 15 22:00:35 2024,0,208,[Range],69.700,-2.100,-43.200,0.000,1,b4w,6.000
Fri Mar 15 22:00:50 2024,0,199,[Range],69.500,0.000,-57.240,-0.720,1,b4w,42.000
Fri Mar 15 22:00:56 2024,0,194,[Range],69.800,1.800,-60.120,-2.160,0,b4w,24.000
Fri Mar 15 22:01:00 2024,0,202,[Speed],33.700,-2.300,-83.880,0.000,1,b4w,4.000
Fri Mar 15 22:02:08 2024,0,210,[Range],69.800,-0.700,-39.960,-1.800,1,b4w,36.000
Fri Mar 15 22:03:34 2024,0,207,[Range],69.300,-0.200,-47.160,-2.520,1,b4w,25.000
Fri Mar 15 22:04:01 2024,0,213,[Range],68.900,1.800,-80.640,0.000,0,b4w,9.000
Fri Mar 15 22:04:02 2024,0,213,[Speed],46.600,0.400,-80.280,-3.240,1,b4w,11.000
Fri Mar 15 22:04:04 2024,0,203,[Range],69.400,-2.800,-49.320,-0.360,1,b4w,4.000
Fri Mar 15 22:04:23 2024,0,214,[Range],69.800,2.900,-71.280,0.000,0,b4w,64.000
Fri Mar 15 22:04:24 2024,0,205,[Range],69.400,0.000,-76.320,0.000,1,b4w,5.000
Fri Mar 15 22:04:38 2024,0,204,[Range],69.600,-0.700,-45.360,-2.520,1,b4w,23.000
Fri Mar 15 22:04:39 2024,0,201,[Range],69.800,0.200,-45.360,0.000,1,b4w,0.000
Fri Mar 15 22:04:46 2024,0,216,[Range],69.500,-0.800,-38.520,-2.160,1,b4w,27.000
Fri Mar 15 22:04:47 2024,0,217,[Range],69.500,-0.100,-38.880,-0.360,1,b4w,3.000
Fri Mar 15 22:05:00 2024,0,206,[Range],69.700,-0.600,-46.800,-1.800,1,b4w,67.000
Fri Mar 15 22:05:32 2024,0,226,[Range],69.600,-0.900,-43.200,-1.440,1,b4w,23.000
Fri Mar 15 22:05:33 2024,0,221,[Range],69.800,0.200,-43.200,-1.080,1,b4w,14.000
Fri Mar 15 22:05:49 2024,0,212,[Range],69.900,-0.300,-50.760,-0.720,1,b4w,7.000
Fri Mar 15 22:05:58 2024,0,211,[Range],69.700,-0.200,-77.400,-0.360,1,b4w,56.000
Fri Mar 15 22:06:00 2024,0,211,[Speed],16.500,-1.400,-79.920,0.000,1,b4w,53.000
Fri Mar 15 22:06:22 2024,0,220,[Range],69.100,-0.400,-64.440,-1.440,1,b4w,23.000
Fri Mar 15 22:06:52 2024,0,218,[Range],69.700,-0.300,-55.440,-2.880,1,b4w,28.000
Fri Mar 15 22:08:07 2024,0,229,[Range],69.200,2.700,-58.680,-1.800,0,b4w,23.000
Fri Mar 15 22:08:07 2024,0,227,[Range],69.600,2.800,-58.680,0.000,0,b4w,3.000
Fri Mar 15 22:08:36 2024,0,230,[Range],69.800,-0.600,-56.160,-0.720,1,b4w,21.000
Fri Mar 15 22:10:04 2024,0,238,[Range],69.500,3.300,-80.280,0.000,0,b4w,24.000
Fri Mar 15 22:10:09 2024,0,225,[Range],69.900,0.000,-60.120,-0.360,1,b4w,34.000
Fri Mar 15 22:10:34 2024,0,240,[Range],69.600,2.400,-50.400,-2.520,0,b4w,21.000
Fri Mar 15 22:11:31 2024,0,235,[Range],69.700,2.800,-82.800,-0.360,0,b4w,8.000
Fri Mar 15 22:11:33 2024,0,235,[Speed],14.600,0.400,-82.440,-3.240,1,b4w,2.000
Fri Mar 15 22:14:05 2024,0,228,[Range],69.400,-1.000,-39.960,-1.800,1,b4w,20.000
Fri Mar 15 22:14:13 2024,0,241,[Range],69.900,-0.200,-77.400,-0.720,1,b4w,52.000
Fri Mar 15 22:14:15 2024,0,252,[Range],69.500,2.400,-56.160,-3.600,0,b4w,23.000
Fri Mar 15 22:14:16 2024,0,241,[Speed],11.700,-0.800,-80.280,3.960,1,b4w,88.000
Fri Mar 15 22:14:16 2024,0,244,[Range],69.400,1.500,-57.240,0.000,0,b4w,3.000
Fri Mar 15 22:14:41 2024,0,231,[Range],69.900,-0.300,-51.120,-0.360,1,b4w,5.000
Fri Mar 15 22:16:26 2024,0,242,[Range],69.600,2.600,-50.040,-2.160,0,b4w,25.000
Fri Mar 15 22:17:59 2024,0,232,[Range],69.700,-0.600,-44.640,-2.160,1,b4w,23.000
Fri Mar 15 22:18:42 2024,0,245,[Range],69.100,-1.200,-70.200,0.000,1,b4w,3.000
Fri Mar 15 22:19:22 2024,0,251,[Range],69.400,2.500,-60.840,-0.720,0,b4w,53.000
Fri Mar 15 22:19:59 2024,0,255,[Range],69.600,0.200,-51.840,-0.360,1,b4w,26.000
Fri Mar 15 22:20:31 2024,0,1,[Range],69.800,-0.500,-50.040,-2.520,1,b4w,21.000
Fri Mar 15 22:20:34 2024,0,253,[Range],69.700,-0.800,-49.680,-2.160,1,b4w,44.000
Fri Mar 15 22:20:44 2024,0,248,[Range],68.900,-0.100,-77.040,0.000,1,b4w,5.000
Fri Mar 15 22:20:55 2024,0,6,[Range],69.600,-2.900,-45.000,0.000,1,b4w,8.000
Fri Mar 15 22:21:52 2024,0,2,[Range],69.200,3.100,-56.520,-0.720,0,b4w,10.000
Fri Mar 15 22:22:00 2024,0,246,[Range],69.000,2.300,-71.640,-0.720,0,b4w,43.000
Fri Mar 15 22:22:37 2024,0,254,[Range],69.800,-0.800,-46.440,-2.880,1,b4w,39.000
Fri Mar 15 22:23:18 2024,0,7,[Range],69.600,-3.500,-33.840,0.000,1,b4w,0.000
Fri Mar 15 22:23:47 2024,0,10,[Range],69.300,-3.700,-55.800,0.000,1,b4w,5.000
Fri Mar 15 22:24:01 2024,0,0,[Speed],41.400,-1.100,-83.520,0.000,1,b4w,9.000
Fri Mar 15 22:24:46 2024,0,17,[Range],69.700,2.200,-74.880,0.000,0,b4w,32.000
Fri Mar 15 22:25:37 2024,0,12,[Range],69.700,-0.300,-54.360,-0.720,1,b4w,8.000
Fri Mar 15 22:25:38 2024,0,8,[Range],69.700,2.500,-71.280,-0.360,0,b4w,27.000
Fri Mar 15 22:25:53 2024,0,11,[Range],69.900,2.700,-77.040,-0.360,0,b4w,24.000
Fri Mar 15 22:25:56 2024,0,20,[Range],69.800,-0.600,-41.760,-2.160,1,b4w,80.000
Fri Mar 15 22:25:56 2024,0,16,[Range],69.300,2.800,-77.760,0.000,0,b4w,22.000
Fri Mar 15 22:26:13 2024,0,13,[Range],69.300,2.500,-66.960,-0.720,0,b4w,5.000
Fri Mar 15 22:26:24 2024,0,9,[Range],69.500,-0.400,-50.400,-1.440,1,b4w,35.000
Fri Mar 15 22:27:32 2024,0,14,[Range],69.500,-0.100,-70.920,0.000,1,b4w,24.000
Fri Mar 15 22:27:39 2024,0,18,[Range],69.600,-0.300,-73.080,0.000,1,b4w,17.000
Fri Mar 15 22:27:40 2024,0,21,[Range],69.300,-1.000,-73.080,0.000,1,b4w,113.000
Fri Mar 15 22:27:41 2024,0,19,[Range],69.200,0.200,-70.920,0.000,1,b4w,7.000
Fri Mar 15 22:27:41 2024,0,27,[Range],69.400,-0.700,-71.280,0.000,1,b4w,38.000
Fri Mar 15 22:28:06 2024,0,23,[Range],69.800,2.200,-52.920,-3.600,0,b4w,22.000
Fri Mar 15 22:28:07 2024,0,31,[Range],69.400,1.300,-54.360,0.000,0,b4w,2.000
Fri Mar 15 22:28:54 2024,0,24,[Range],69.500,-0.700,-42.480,-2.160,1,b4w,22.000
Fri Mar 15 22:29:00 2024,0,30,[Range],69.200,0.600,-78.120,0.000,0,b4w,5.000
Fri Mar 15 22:29:01 2024,0,32,[Range],69.800,3.000,-76.680,-0.360,0,b4w,64.000
Fri Mar 15 22:29:26 2024,0,28,[Range],69.800,-0.900,-47.520,-1.800,1,b4w,22.000
Fri Mar 15 22:30:19 2024,0,25,[Range],69.200,-0.100,-63.360,-0.360,1,b4w,12.000
Fri Mar 15 22:30:36 2024,0,29,[Range],69.400,2.400,-47.160,-1.800,0,b4w,25.000
Fri Mar 15 22:31:28 2024,0,22,[Range],69.900,2.400,-58.320,-1.800,0,b4w,22.000
Fri Mar 15 22:31:28 2024,0,40,[Range],69.700,2.300,-58.680,0.000,0,b4w,18.000
Fri Mar 15 22:31:29 2024,0,35,[Range],69.600,2.200,-58.320,0.000,0,b4w,17.000
Fri Mar 15 22:31:42 2024,0,38,[Range],69.400,0.000,-78.840,-0.360,1,b4w,21.000
Fri Mar 15 22:31:45 2024,0,38,[Speed],13.300,-0.600,-79.920,1.800,1,b4w,60.000
Fri Mar 15 22:32:15 2024,0,42,[Range],69.400,-0.500,-38.160,-1.800,1,b4w,23.000
Fri Mar 15 22:32:16 2024,0,44,[Range],69.700,0.800,-37.800,0.000,0,b4w,0.000
Fri Mar 15 22:33:04 2024,0,39,[Range],69.500,-0.700,-32.760,-2.160,1,b4w,50.000
Fri Mar 15 22:33:38 2024,0,53,[Range],69.300,-0.700,-58.680,0.000,1,b4w,8.000
Fri Mar 15 22:34:49 2024,0,41,[Range],69.800,-2.000,-32.760,1.080,1,b4w,61.000
Fri Mar 15 22:36:20 2024,0,34,[Range],69.100,-0.100,-66.600,-1.080,1,b4w,24.000
Fri Mar 15 22:37:57 2024,0,37,[Range],69.700,-2.000,-50.760,0.000,1,b4w,1.000
Fri Mar 15 22:38:23 2024,0,47,[Range],69.800,-0.200,-64.800,-0.720,1,b4w,29.000
Fri Mar 15 22:43:15 2024,0,48,[Speed],35.300,-0.600,-83.880,0.000,1,b4w,6.000
Fri Mar 15 22:45:57 2024,0,59,[Range],69.500,-0.600,-52.200,-1.800,1,b4w,19.000
Fri Mar 15 22:46:01 2024,0,57,[Range],69.600,0.500,-72.720,0.000,0,b4w,56.000
Fri Mar 15 22:46:35 2024,0,56,[Range],69.600,2.300,-54.720,-2.520,0,b4w,21.000
Fri Mar 15 22:46:35 2024,0,51,[Range],69.300,2.900,-56.160,0.000,0,b4w,3.000
Fri Mar 15 22:47:22 2024,0,54,[Range],69.600,-0.800,-43.560,-0.720,1,b4w,54.000
Fri Mar 15 22:47:31 2024,0,63,[Range],69.500,1.200,-68.040,0.000,0,b4w,51.000
Fri Mar 15 22:48:04 2024,0,70,[Range],69.800,3.100,-52.920,-0.360,0,b4w,23.000
Fri Mar 15 22:48:05 2024,0,55,[Range],69.800,-1.400,-37.080,-0.720,1,b4w,18.000
Fri Mar 15 22:49:17 2024,0,61,[Range],69.300,0.000,-71.280,0.000,1,b4w,4.000
Fri Mar 15 22:50:00 2024,0,68,[Range],69.700,-0.600,-46.800,-2.520,1,b4w,66.000
Fri Mar 15 22:50:01 2024,0,64,[Range],69.900,0.100,-46.800,0.000,1,b4w,3.000
Fri Mar 15 22:50:35 2024,0,69,[Range],69.700,-0.100,-55.080,0.000,1,b4w,16.000
Fri Mar 15 22:50:43 2024,0,74,[Range],69.900,0.300,-72.720,-1.440,1,b4w,25.000
Fri Mar 15 22:51:21 2024,0,79,[Range],69.700,2.700,-65.880,-0.720,0,b4w,15.000
Fri Mar 15 22:52:26 2024,0,76,[Range],69.800,1.900,-44.280,-3.600,0,b4w,35.000
Fri Mar 15 22:52:57 2024,0,77,[Range],69.900,2.500,-69.480,-0.360,0,b4w,5.000
Fri Mar 15 22:53:51 2024,0,81,[Range],69.600,-0.500,-74.520,0.000,1,b4w,25.000
Fri Mar 15 22:54:00 2024,0,82,[Range],69.700,0.100,-60.840,-0.720,1,b4w,19.000
Fri Mar 15 22:54:10 2024,0,80,[Speed],36.600,-0.500,-83.880,0.000,1,b4w,3.000
Fri Mar 15 22:55:00 2024,0,85,[Range],69.600,-1.100,-46.800,0.000,1,b4w,1.000
Fri Mar 15 22:55:13 2024,0,91,[Range],69.600,-0.200,-41.400,-1.440,1,b4w,24.000
Fri Mar 15 22:55:14 2024,0,88,[Range],69.400,0.000,-41.760,-1.080,1,b4w,2.000
Fri Mar 15 22:55:55 2024,0,87,[Range],69.600,2.700,-75.600,-1.440,0,b4w,21.000
Fri Mar 15 22:57:55 2024,0,93,[Speed],52.900,-0.200,-83.160,0.000,1,b4w,5.000
Fri Mar 15 22:58:49 2024,0,96,[Range],69.800,-3.500,-18.000,-6.480,1,b4w,19.000
Fri Mar 15 22:59:14 2024,0,106,[Range],69.800,2.100,-57.600,-3.240,0,b4w,19.000
Fri Mar 15 22:59:16 2024,0,98,[Range],69.600,-0.100,-74.160,-0.360,1,b4w,22.000
Fri Mar 15 23:00:25 2024,0,108,[Range],69.600,-0.600,-49.680,-1.080,1,b4w,25.000
Fri Mar 15 23:00:40 2024,0,112,[Range],69.500,0.200,-79.560,-0.360,1,b4w,23.000
Fri Mar 15 23:00:42 2024,0,112,[Speed],38.500,-1.400,-79.920,-3.960,1,b4w,34.000
Fri Mar 15 23:02:48 2024,0,116,[Range],69.700,0.000,-70.200,-0.360,1,b4w,18.000
Fri Mar 15 23:02:56 2024,0,103,[Range],69.600,0.000,-62.640,-0.720,1,b4w,17.000
Fri Mar 15 23:03:37 2024,0,109,[Range],69.000,0.000,-76.320,0.000,1,b4w,49.000
Fri Mar 15 23:03:40 2024,0,117,[Range],69.000,0.700,-80.280,0.000,0,b4w,4.000
Fri Mar 15 23:03:40 2024,0,109,[Speed],11.600,-1.200,-80.280,1.800,1,b4w,103.000
Fri Mar 15 23:03:46 2024,0,113,[Range],69.700,-3.600,-28.440,0.000,1,b4w,0.000
Fri Mar 15 23:04:25 2024,0,89,[Range],69.500,2.800,-46.800,-0.360,0,b4w,21.000
Fri Mar 15 23:04:35 2024,0,110,[Range],69.800,1.100,-74.880,-0.360,0,b4w,22.000
Fri Mar 15 23:04:38 2024,0,110,[Speed],10.300,0.000,-80.640,-0.720,1,b4w,61.000
Fri Mar 15 23:04:56 2024,0,115,[Range],69.100,1.800,-76.680,0.720,0,b4w,112.000
Fri Mar 15 23:04:57 2024,0,120,[Speed],57.600,-0.900,-82.440,0.000,1,b4w,6.000
Fri Mar 15 23:04:57 2024,0,120,[Speed],40.800,-1.300,-79.920,0.000,1,b4w,7.000
Fri Mar 15 23:04:59 2024,0,120,[Speed],11.100,-1.500,-79.920,0.000,1,b4w,0.000
Fri Mar 15 23:05:17 2024,0,90,[Range],69.200,-0.100,-66.960,-0.360,1,b4w,38.000
Fri Mar 15 23:05:57 2024,0,124,[Range],69.500,-0.400,-68.040,0.000,1,b4w,4.000
Fri Mar 15 23:06:43 2024,0,102,[Range],69.600,-1.100,-35.640,-0.720,1,b4w,0.000
Fri Mar 15 23:09:15 2024,0,123,[Range],69.900,3.100,-67.320,-0.720,0,b4w,23.000
Fri Mar 15 23:09:43 2024,0,129,[Range],69.200,0.200,-75.960,0.000,1,b4w,54.000
Fri Mar 15 23:09:44 2024,0,100,[Range],69.000,0.700,-74.520,-0.360,0,b4w,4.000
Fri Mar 15 23:10:06 2024,0,97,[Range],69.800,-0.300,-36.000,0.000,1,b4w,1.000
Fri Mar 15 23:10:59 2024,0,127,[Range],69.700,2.500,-65.520,-0.720,0,b4w,25.000
Fri Mar 15 23:11:29 2024,0,130,[Range],69.700,-0.200,-59.400,-1.440,1,b4w,24.000
Fri Mar 15 23:12:18 2024,0,136,[Range],69.800,2.800,-64.800,-0.720,0,b4w,24.000
Fri Mar 15 23:12:28 2024,0,126,[Range],69.300,0.400,-61.920,-0.360,1,b4w,17.000
Fri Mar 15 23:13:08 2024,0,132,[Range],69.800,-1.500,-44.640,0.000,1,b4w,0.000
Fri Mar 15 23:14:10 2024,0,135,[Range],69.600,-1.100,-28.800,0.000,1,b4w,0.000
Fri Mar 15 23:14:21 2024,0,122,[Range],69.600,3.000,-64.080,-0.360,0,b4w,25.000
Fri Mar 15 23:16:10 2024,0,131,[Speed],70.500,0.400,-81.000,0.000,1,b4w,48.000
Fri Mar 15 23:16:10 2024,0,131,[Range],69.400,0.300,-81.000,-0.360,1,b4w,47.000
Fri Mar 15 23:16:40 2024,0,139,[Range],69.500,2.400,-80.280,-0.360,0,b4w,64.000
Fri Mar 15 23:16:42 2024,0,134,[Speed],40.100,-1.500,-83.880,0.000,1,b4w,8.000
Fri Mar 15 23:17:26 2024,0,140,[Range],69.500,-0.300,-40.680,-1.440,1,b4w,22.000
Fri Mar 15 23:17:27 2024,0,138,[Range],69.500,-3.600,-37.440,0.000,1,b4w,13.000
Fri Mar 15 23:17:55 2024,0,133,[Range],69.400,1.600,-48.600,-3.960,0,b4w,53.000
Fri Mar 15 23:17:56 2024,0,137,[Range],69.300,-0.300,-49.320,0.000,1,b4w,1.000
Fri Mar 15 23:17:57 2024,0,142,[Range],69.600,-0.500,-44.280,-0.360,1,b4w,6.000
Fri Mar 15 23:17:59 2024,0,145,[Range],69.700,2.300,-54.000,0.000,0,b4w,5.000
Fri Mar 15 23:18:12 2024,0,148,[Range],69.100,0.200,-72.000,-0.720,1,b4w,27.000
Fri Mar 15 23:19:07 2024,0,144,[Range],69.100,3.300,-81.360,0.000,0,b4w,9.000
Fri Mar 15 23:19:16 2024,0,151,[Range],69.500,-0.700,-45.000,-1.440,1,b4w,22.000
Fri Mar 15 23:20:21 2024,0,146,[Range],69.400,-0.500,-64.080,0.000,1,b4w,4.000
Fri Mar 15 23:20:26 2024,0,154,[Range],69.200,-0.200,-59.400,-0.720,1,b4w,21.000
Fri Mar 15 23:20:53 2024,0,149,[Range],69.700,0.000,-70.920,0.000,1,b4w,27.000
Fri Mar 15 23:21:04 2024,0,153,[Range],69.300,2.600,-51.480,-2.880,0,b4w,24.000
Fri Mar 15 23:21:42 2024,0,155,[Range],69.500,-0.300,-69.120,-0.360,1,b4w,24.000
Fri Mar 15 23:21:57 2024,0,150,[Range],69.500,-0.400,-50.040,-0.360,1,b4w,23.000
Fri Mar 15 23:22:19 2024,0,162,[Range],69.600,-0.400,-51.480,-0.360,1,b4w,21.000
Fri Mar 15 23:22:38 2024,0,152,[Range],69.500,2.600,-48.600,-1.800,0,b4w,23.000
Fri Mar 15 23:22:40 2024,0,159,[Range],69.300,-0.100,-75.600,0.000,1,b4w,44.000
Fri Mar 15 23:23:14 2024,0,161,[Range],69.800,-0.700,-45.360,-2.880,1,b4w,31.000
Fri Mar 15 23:23:25 2024,0,173,[Range],69.400,-0.700,-65.160,-1.080,1,b4w,10.000
Fri Mar 15 23:23:25 2024,0,172,[Range],69.500,3.000,-81.360,-0.360,0,b4w,6.000
Fri Mar 15 23:23:46 2024,0,176,[Range],69.800,2.200,-47.160,-2.520,0,b4w,24.000
Fri Mar 15 23:24:59 2024,0,170,[Range],70.200,-4.400,46.080,0.000,1,b4w,4.000
Fri Mar 15 23:25:20 2024,0,166,[Range],69.800,2.600,-60.120,-1.440,0,b4w,31.000
Fri Mar 15 23:25:37 2024,0,165,[Range],69.400,0.000,-77.040,0.000,1,b4w,5.000
Fri Mar 15 23:26:27 2024,0,178,[Range],69.800,2.100,-47.160,-2.520,0,b4w,37.000
Fri Mar 15 23:26:47 2024,0,179,[Range],69.600,0.500,-80.280,-0.360,0,b4w,20.000
Fri Mar 15 23:26:47 2024,0,179,[Speed],66.200,0.400,-80.640,-0.720,1,b4w,19.000
Fri Mar 15 23:27:22 2024,0,168,[Range],69.900,-2.500,-18.360,2.160,1,b4w,26.000
Fri Mar 15 23:29:03 2024,0,182,[Range],69.200,1.600,-55.080,-3.960,0,b4w,25.000
Fri Mar 15 23:30:35 2024,0,180,[Range],69.100,2.500,-74.160,-0.360,0,b4w,28.000
Fri Mar 15 23:31:24 2024,0,187,[Range],69.500,2.900,-58.320,-2.520,0,b4w,24.000
Fri Mar 15 23:31:24 2024,0,183,[Range],69.800,2.700,-59.040,0.000,0,b4w,10.000
Fri Mar 15 23:32:30 2024,0,189,[Range],69.900,-0.100,-40.680,-0.720,1,b4w,24.000
Fri Mar 15 23:33:01 2024,0,167,[Range],69.900,-0.400,-47.160,-1.080,1,b4w,24.000
Fri Mar 15 23:34:23 2024,0,192,[Range],69.700,1.400,-49.320,-3.240,0,b4w,24.000
Fri Mar 15 23:34:41 2024,0,191,[Range],69.400,2.700,-49.320,-1.800,0,b4w,23.000
Fri Mar 15 23:34:41 2024,0,186,[Range],69.500,3.600,-49.320,0.000,0,b4w,2.000
Fri Mar 15 23:35:15 2024,0,185,[Range],69.700,0.100,-60.480,-0.360,1,b4w,21.000
Fri Mar 15 23:35:24 2024,0,181,[Range],69.600,-3.700,-34.200,0.000,1,b4w,4.000
Fri Mar 15 23:35:58 2024,0,200,[Range],69.500,0.200,-55.440,-0.720,1,b4w,16.000
Fri Mar 15 23:36:47 2024,0,190,[Range],69.700,-0.600,-37.440,-2.160,1,b4w,18.000
Fri Mar 15 23:37:44 2024,0,197,[Range],69.200,-0.500,-78.120,0.000,1,b4w,28.000
Fri Mar 15 23:37:45 2024,0,193,[Range],69.400,-0.700,-78.120,0.000,1,b4w,2.000
Fri Mar 15 23:37:46 2024,0,208,[Speed],50.900,-2.900,-80.280,0.000,1,b4w,3.000
Fri Mar 15 23:37:47 2024,0,197,[Speed],19.400,-2.000,-79.920,-2.880,1,b4w,115.000
Fri Mar 15 23:38:33 2024,0,199,[Range],69.400,2.900,-70.920,-1.080,0,b4w,30.000
Fri Mar 15 23:39:46 2024,0,207,[Range],69.900,-1.400,-38.880,0.000,1,b4w,36.000
Fri Mar 15 23:42:30 2024,0,213,[Range],69.900,-4.400,-39.240,0.000,1,b4w,1.000
Fri Mar 15 23:42:30 2024,0,210,[Range],69.100,2.400,-70.200,-1.080,0,b4w,41.000
Fri Mar 15 23:42:39 2024,0,203,[Range],69.200,3.000,-60.480,-0.720,0,b4w,44.000
Fri Mar 15 23:42:39 2024,0,214,[Range],69.400,3.100,-62.280,0.000,0,b4w,13.000
Fri Mar 15 23:43:19 2024,0,204,[Range],69.900,2.500,-65.160,-0.360,0,b4w,50.000
Fri Mar 15 23:43:35 2024,0,201,[Range],69.700,-0.500,-69.480,0.000,1,b4w,120.000
Fri Mar 15 23:43:42 2024,0,206,[Range],69.600,1.900,-78.120,-0.360,0,b4w,40.000
Fri Mar 15 23:43:42 2024,0,212,[Speed],82.100,-0.700,-79.920,0.000,1,b4w,4.000
Fri Mar 15 23:43:43 2024,0,221,[Range],69.100,1.700,-78.120,0.000,0,b4w,6.000
Fri Mar 15 23:43:43 2024,0,226,[Range],69.900,0.800,-78.120,0.000,0,b4w,2.000
Fri Mar 15 23:43:43 2024,0,212,[Range],69.200,-0.100,-79.920,0.000,1,b4w,1.000
Fri Mar 15 23:44:11 2024,0,211,[Range],69.900,-0.300,-51.480,-1.440,1,b4w,25.000
Fri Mar 15 23:45:37 2024,0,217,[Range],69.500,0.000,-46.440,-0.720,1,b4w,51.000
Fri Mar 15 23:45:44 2024,0,224,[Range],69.800,2.500,-52.920,-2.520,0,b4w,92.000
Fri Mar 15 23:45:55 2024,0,220,[Range],69.400,0.700,-69.120,-0.720,0,b4w,51.000
Fri Mar 15 23:46:15 2024,0,218,[Range],69.300,-0.900,-51.120,0.000,1,b4w,0.000
Fri Mar 15 23:47:00 2024,0,243,[Speed],80.800,0.400,-81.720,0.000,1,b4w,23.000
Fri Mar 15 23:47:01 2024,0,243,[Range],69.400,0.000,-81.000,0.000,1,b4w,23.000
Fri Mar 15 23:47:56 2024,0,222,[Range],69.400,2.500,-75.960,-1.080,0,b4w,24.000
Fri Mar 15 23:48:19 2024,0,223,[Range],69.600,0.000,-63.360,-1.800,1,b4w,43.000
Fri Mar 15 23:48:37 2024,0,227,[Range],69.600,2.200,-52.560,-2.520,0,b4w,17.000
Fri Mar 15 23:49:03 2024,0,230,[Range],69.400,2.700,-65.160,-0.360,0,b4w,31.000
Fri Mar 15 23:50:22 2024,0,229,[Range],69.700,-0.300,-71.640,0.000,1,b4w,69.000
Fri Mar 15 23:50:43 2024,0,240,[Speed],97.400,0.300,-82.800,0.000,1,undef,27.000
Fri Mar 15 23:50:44 2024,0,240,[Range],69.700,-0.600,-82.440,0.000,1,b4w,103.000
Fri Mar 15 23:50:59 2024,0,250,[Range],69.900,-0.700,-70.920,0.000,1,b4w,5.000
Fri Mar 15 23:51:17 2024,0,235,[Range],69.100,2.800,-80.280,0.000,0,b4w,25.000
Fri Mar 15 23:53:14 2024,0,5,[Range],69.400,2.500,-42.480,0.000,0,b4w,23.000
Sat Mar 16 09:51:49 2024,0,3,[Range],69.700,-0.500,-41.760,-2.160,1,b4w,22.000
Sat Mar 16 09:52:17 2024,0,1,[Range],69.700,-1.200,-37.440,-1.800,1,b4w,38.000
Sat Mar 16 09:53:34 2024,0,0,[Range],69.900,-2.000,-47.880,-0.360,1,b4w,3.000
Sat Mar 16 09:53:52 2024,0,5,[Range],69.800,-4.600,-41.040,0.000,1,b4w,7.000
Sat Mar 16 09:54:43 2024,0,7,[Range],69.500,-1.500,-51.120,0.000,1,b4w,5.000
Sat Mar 16 09:54:55 2024,0,9,[Range],69.500,-0.700,-73.800,0.000,1,b4w,6.000
Sat Mar 16 09:55:11 2024,0,10,[Range],69.900,2.300,-74.160,0.000,0,b4w,7.000
Sat Mar 16 09:55:23 2024,0,12,[Range],69.800,-0.600,-52.560,-1.440,1,b4w,42.000
Sat Mar 16 09:55:37 2024,0,11,[Range],68.900,-0.200,-76.680,0.000,1,b4w,3.000
Sat Mar 16 09:56:58 2024,0,14,[Range],69.900,2.800,-63.720,-1.440,0,b4w,21.000
Sat Mar 16 09:56:58 2024,0,17,[Range],69.800,3.000,-63.720,0.000,0,b4w,7.000
Sat Mar 16 09:56:58 2024,0,15,[Range],69.100,2.400,-63.720,0.000,0,b4w,6.000
Sat Mar 16 09:57:11 2024,0,18,[Range],69.600,-0.500,-59.400,-1.800,1,b4w,25.000
Sat Mar 16 09:57:31 2024,0,19,[Range],69.100,-1.000,-65.520,0.000,1,b4w,5.000
Sat Mar 16 09:57:32 2024,0,13,[Range],69.000,2.300,-76.680,-0.360,0,b4w,52.000
Sat Mar 16 09:57:41 2024,0,20,[Range],69.000,2.500,-82.440,0.000,0,b4w,29.000
Sat Mar 16 09:57:42 2024,0,21,[Range],69.600,2.700,-82.800,0.000,0,b4w,10.000
Sat Mar 16 09:57:52 2024,0,22,[Range],69.800,-3.400,-37.080,0.000,1,b4w,3.000
Sat Mar 16 09:58:00 2024,0,23,[Range],70.600,-4.500,44.280,0.000,1,b4w,4.000
Sat Mar 16 09:58:24 2024,0,24,[Range],69.400,-2.300,-59.760,0.000,1,b4w,1.000
Sat Mar 16 09:58:41 2024,0,25,[Range],69.500,-3.100,-41.400,0.000,1,b4w,4.000
Sat Mar 16 09:58:46 2024,0,26,[Range],69.900,-2.300,-34.200,0.000,1,b4w,40.000
Sat Mar 16 10:00:01 2024,0,28,[Range],69.300,3.100,-80.640,0.000,0,b4w,5.000
Sat Mar 16 10:00:34 2024,0,27,[Range],69.700,-3.600,-41.040,0.000,1,b4w,47.000
Sat Mar 16 10:02:48 2024,0,34,[Range],69.500,-1.000,-39.240,-0.720,1,b4w,32.000
Sat Mar 16 10:03:12 2024,0,35,[Range],69.800,-1.000,-25.920,1.080,1,b4w,26.000
Sat Mar 16 10:03:14 2024,0,36,[Range],69.900,-3.800,-25.560,-0.720,1,b4w,0.000
Sat Mar 16 10:03:15 2024,0,37,[Range],69.500,1.000,-52.920,0.000,0,b4w,2.000
Sat Mar 16 10:03:42 2024,0,40,[Range],69.700,2.600,-62.280,-1.080,0,b4w,22.000
Sat Mar 16 10:03:43 2024,0,41,[Range],69.100,3.100,-64.080,0.000,0,b4w,0.000
Sat Mar 16 10:04:31 2024,0,43,[Range],69.700,-2.700,-33.840,-0.720,1,b4w,16.000
Sat Mar 16 10:04:31 2024,0,44,[Range],69.900,1.500,-70.920,0.000,0,b4w,7.000
Sat Mar 16 10:04:32 2024,0,45,[Range],69.500,-3.800,-33.840,-1.080,1,b4w,124.000
Sat Mar 16 10:04:37 2024,0,48,[Range],69.600,-3.000,-50.760,0.720,1,b4w,20.000
Sat Mar 16 10:04:44 2024,0,49,[Range],69.600,-2.000,-59.040,0.000,1,b4w,33.000
Sat Mar 16 10:05:08 2024,0,50,[Speed],51.200,-1.600,-83.160,0.000,1,b4w,8.000
Sat Mar 16 10:06:11 2024,0,54,[Range],69.700,-1.900,-43.200,0.000,1,b4w,1.000
Sat Mar 16 10:06:19 2024,0,53,[Range],69.900,-1.500,-49.320,-0.360,1,b4w,20.000
Sat Mar 16 10:06:25 2024,0,57,[Speed],19.300,0.300,84.240,0.000,1,b4w,6.000
Sat Mar 16 10:06:27 2024,0,55,[Range],69.700,-0.600,-70.200,0.000,1,b4w,4.000
Sat Mar 16 10:06:32 2024,0,58,[Range],69.800,-2.000,-32.040,0.000,1,b4w,1.000
Sat Mar 16 10:06:37 2024,0,56,[Range],69.600,-0.500,-37.440,-1.800,1,b4w,36.000
Sat Mar 16 10:06:44 2024,0,60,[Range],69.000,2.200,-73.080,0.000,0,b4w,4.000
Sat Mar 16 10:06:48 2024,0,59,[Range],69.800,-1.700,-45.000,-0.720,1,b4w,9.000
Sat Mar 16 10:07:05 2024,0,61,[Range],69.300,-0.700,-60.480,-0.360,1,b4w,10.000
Sat Mar 16 10:08:30 2024,0,63,[Range],69.400,-0.700,-77.040,0.000,1,b4w,3.000
Sat Mar 16 10:08:37 2024,0,62,[Range],69.500,2.500,-58.320,-1.800,0,b4w,24.000
Sat Mar 16 10:09:04 2024,0,65,[Range],69.700,2.600,-81.720,0.000,0,b4w,19.000
Sat Mar 16 10:09:26 2024,0,66,[Range],69.600,-0.600,-46.800,-0.720,1,b4w,4.000
Sat Mar 16 10:09:41 2024,0,67,[Range],69.900,-0.400,-67.680,-0.360,1,b4w,7.000
Sat Mar 16 10:10:37 2024,0,69,[Range],69.100,2.700,-66.240,-0.360,0,b4w,19.000
Sat Mar 16 10:12:25 2024,0,71,[Range],69.500,-0.700,-38.520,-1.080,1,b4w,33.000
Sat Mar 16 10:13:39 2024,0,73,[Range],69.900,2.500,-64.080,0.000,0,b4w,4.000
Sat Mar 16 10:14:19 2024,0,74,[Range],69.500,-1.300,-66.960,0.000,1,b4w,1.000
Sat Mar 16 10:15:38 2024,0,75,[Range],69.200,2.200,-79.920,-0.360,0,b4w,27.000
Sat Mar 16 10:15:38 2024,0,76,[Speed],98.900,0.200,-81.720,0.000,1,undef,3.000
Sat Mar 16 10:15:40 2024,0,76,[Range],69.400,-0.400,-81.720,0.000,1,b4w,4.000
Sat Mar 16 10:16:14 2024,0,78,[Range],69.800,1.900,-34.560,-2.160,0,b4w,27.000
Sat Mar 16 10:16:19 2024,0,79,[Range],69.900,-1.400,-55.440,0.000,1,b4w,5.000
Sat Mar 16 10:17:54 2024,0,83,[Range],69.800,-0.600,-43.920,-1.800,1,b4w,34.000
Sat Mar 16 10:18:16 2024,0,85,[Range],69.400,-1.100,-61.560,-0.360,1,b4w,7.000
Sat Mar 16 10:18:49 2024,0,86,[Range],69.700,-2.200,-38.520,0.000,1,b4w,34.000
Sat Mar 16 10:18:57 2024,0,89,[Range],69.800,2.300,-45.360,0.000,0,b4w,45.000
Sat Mar 16 10:18:59 2024,0,90,[Range],69.300,-0.200,-53.640,-1.440,1,b4w,27.000
Sat Mar 16 10:19:06 2024,0,97,[Range],69.400,-3.700,-44.640,0.000,1,b4w,1.000
Sat Mar 16 10:20:00 2024,0,96,[Range],69.900,-0.700,-45.360,-0.720,1,b4w,48.000
Sat Mar 16 10:21:21 2024,0,99,[Range],69.500,-3.500,-46.440,0.000,1,b4w,2.000
Sat Mar 16 10:22:19 2024,0,94,[Speed],99.800,0.400,-82.800,0.000,1,undef,2.000
Sat Mar 16 10:22:20 2024,0,94,[Range],69.000,-0.200,-82.080,0.000,1,b4w,4.000
Sat Mar 16 10:22:37 2024,0,100,[Range],69.200,2.400,-72.000,-0.720,0,b4w,4.000
Sat Mar 16 10:22:39 2024,0,98,[Range],69.800,-3.400,-40.320,0.000,1,b4w,1.000
Sat Mar 16 10:23:26 2024,0,102,[Range],69.800,-0.400,-60.840,0.000,1,b4w,0.000
Sat Mar 16 10:23:27 2024,0,101,[Range],69.900,-3.400,-35.640,0.000,1,b4w,5.000
Sat Mar 16 10:23:52 2024,0,104,[Range],69.400,2.300,-61.560,-1.800,0,b4w,68.000
Sat Mar 16 10:24:14 2024,0,105,[Range],69.800,-2.600,-44.640,-1.800,1,b4w,52.000
Sat Mar 16 10:24:21 2024,0,106,[Range],69.800,-0.500,-42.120,-1.080,1,b4w,9.000
Sat Mar 16 10:25:08 2024,0,110,[Range],69.500,-2.100,-39.240,0.000,1,b4w,36.000
Sat Mar 16 10:25:15 2024,0,111,[Range],69.400,-3.200,-64.080,0.000,1,b4w,0.000
Sat Mar 16 10:25:44 2024,0,113,[Range],69.500,-1.900,-51.120,0.000,1,b4w,2.000
Sat Mar 16 10:28:14 2024,0,116,[Range],69.500,-1.100,-48.240,-1.080,1,b4w,6.000
Sat Mar 16 10:29:02 2024,0,120,[Range],69.700,-4.300,-24.120,0.000,1,b4w,0.000
Sat Mar 16 10:29:46 2024,0,121,[Range],69.600,-0.400,-54.360,-0.360,1,b4w,14.000
Sat Mar 16 10:29:54 2024,0,118,[Range],69.600,-3.100,-45.360,-0.720,1,b4w,27.000
Sat Mar 16 10:30:02 2024,0,122,[Range],69.400,-1.200,-48.960,-2.880,1,b4w,23.000
Sat Mar 16 10:30:37 2024,0,123,[Range],69.200,1.900,-75.240,0.000,0,b4w,5.000
Sat Mar 16 10:31:25 2024,0,125,[Range],69.300,-0.300,-61.560,-0.360,1,b4w,34.000
Sat Mar 16 10:32:36 2024,0,129,[Range],69.500,-0.600,-33.480,0.000,1,b4w,35.000
Sat Mar 16 10:33:22 2024,0,133,[Range],69.200,-0.300,-57.960,0.000,1,b4w,19.000
